"List of plants for all fuels, South Atlantic (total), all sectors"
"https://www.eia.gov/electricity/data/browser/#/topic/1?agg=2,0,1&fuel=vtvo&geo=0g&sec=g&freq=A&datecode=2023&rtype=s&start=2020&end=2025&ctype=columnchart&ltype=pin&columnendpoints=2&pin=&rse=0&maptype=0"
"Sun Aug 02 2026 18:32:39 GMT-0400 (Eastern Daylight Time)"
"Source: U.S. Energy Information Administration"
"Plant Name","Plant Code","State","Sector Name","Prime Movers","Fuel Types"
"1001 Ebenezer Church Solar",63444,"NC","Electric utility non-cogen","PV","SUN"
"1008 Matthews Solar",63447,"NC","Electric utility non-cogen","PV","SUN"
"1009 Yadkin Solar",63445,"NC","Electric utility non-cogen","PV","SUN"
"1025 Traveller Solar, LLC",62660,"NC","Electric utility non-cogen","PV","SUN"
"1034 Catherine Lake Solar, LLC",64478,"NC","Electric utility non-cogen","PV","SUN"
"1045 Tomlin Mill Solar",63448,"NC","Electric utility non-cogen","PV","SUN"
"1047 Little Mountain Solar, LLC",62661,"NC","Electric utility non-cogen","PV","SUN"
"1051 Lucky Solar, LLC",64271,"NC","Electric utility non-cogen","PV","SUN"
"1073 Onslow Solar",63446,"NC","Electric utility non-cogen","PV","SUN"
"1634 Solar",61935,"SC","Electric utility non-cogen","PV","SUN"
"231 Dixon 74 Solar I, LLC",61195,"NC","Electric utility non-cogen","PV","SUN"
"232 Long Branch 29 Solar I, LLC",63296,"NC","Electric utility non-cogen","PV","SUN"
"233 Randolph 74 Solar I, LLC",65819,"NC","Electric utility non-cogen","PV","SUN"
"315 Vinson Road",63979,"NC","Electric utility non-cogen","PV","SUN"
"4Oaks",59534,"NC","Electric utility non-cogen","PV","SUN"
"510 REPP One",57363,"NC","Electric utility non-cogen","PV","SUN"
"6685 Santa Barbara Ct",64343,"MD","Electric utility non-cogen","PV","SUN"
"7448 Candlewood Road",64502,"MD","Commercial non-cogen","PV","SUN"
"99 Islands",3272,"SC","Electric utility","HY","WAT"
"ABD Farms",61525,"NC","Electric utility non-cogen","PV","SUN"
"ACE-Stanton A PV",61247,"FL","Electric utility non-cogen","PV","SUN"
"ACE-Stanton PV",61246,"FL","Electric utility non-cogen","PV","SUN"
"ADS Renewable Energy-Wolf Creek LLC",60184,"GA","Electric utility non-cogen","IC","LFG"
"AEP Jacksonville Solar Project",61388,"FL","Electric utility non-cogen","PV","SUN"
"AES Warrior Run Cogeneration Facility",10678,"MD","Electric utility cogen","ST","DFO,BIT"
"AES Warrior Run Energy Storage Project",59949,"MD","Electric utility non-cogen","BA","MWH"
"AGA TAG Solar III LLC",63243,"SC","Electric utility non-cogen","PV","SUN"
"AGA TAG Solar IV LLC",63225,"NC","Electric utility non-cogen","PV","SUN"
"AGT001 Centerville Fuel Cell",63700,"DE","Electric utility non-cogen","FC","NG"
"AL Sandersville LLC",55672,"GA","Electric utility non-cogen","GT","NG"
"AM Best Farm",58344,"NC","Electric utility non-cogen","PV","SUN"
"AOC, Capitol Power Plant",63347,"DC","Commercial cogen","GT","NG,DFO"
"APG Combined Heat and Power Plant",61282,"MD","Commercial cogen","GT","NG"
"APG New Chesapeake",62629,"MD","Electric utility non-cogen","PV","SUN"
"APG Old Bayside",62628,"MD","Electric utility non-cogen","PV","SUN"
"ATOOD Solar III LLC",63242,"SC","Electric utility non-cogen","PV","SUN"
"ATOOD Solar IV, LLC",63383,"NC","Electric utility non-cogen","PV","SUN"
"Abbot Solar",61936,"SC","Electric utility non-cogen","PV","SUN"
"Ace Solar",61937,"SC","Electric utility non-cogen","PV","SUN"
"Achilles Solar",62621,"NC","Electric utility non-cogen","PV","SUN"
"Acme Solar, LLC",64238,"NC","Electric utility non-cogen","PV","SUN"
"Adams",64682,"SC","Electric utility non-cogen","PV","SUN"
"Ahoskie",59795,"NC","Electric utility non-cogen","PV","SUN"
"Ajax Solar",60288,"NC","Electric utility non-cogen","PV","SUN"
"Alafia Solar",61653,"FL","Electric utility","PV","SUN"
"Albany Green Energy",60340,"GA","Electric utility cogen","ST","NG,WDS"
"Albemarle Beach Solar",64169,"NC","Electric utility non-cogen","PV","SUN"
"Albemarle Hospital Unit",56339,"NC","Electric utility","IC","DFO"
"Albemarle Prime Power Park",56263,"NC","Electric utility","IC","DFO"
"Albemarle Solar Center LLC",58806,"NC","Electric utility non-cogen","PV","SUN"
"Albertson Solar LLC",59901,"NC","Electric utility non-cogen","PV","SUN"
"Allatoona",760,"GA","Electric utility","HY","WAT"
"Allendale Biomass",58706,"SC","Electric utility non-cogen","ST","WDS"
"Allora Solar, LLC",63808,"SC","Electric utility non-cogen","PV","SUN"
"Alpha Ridge LFG",58252,"MD","Electric utility non-cogen","IC","LFG"
"Alpha Value Solar",62054,"NC","Electric utility non-cogen","PV","SUN"
"Altamonte Mall",63254,"FL","Commercial non-cogen","PV","SUN"
"Altavista Power Station",10773,"VA","Electric utility","ST","NG,WDS"
"Altavista Solar",64019,"VA","Electric utility non-cogen","PV","SUN"
"Amazon Maryland DCA1",62876,"MD","Commercial non-cogen","PV","SUN"
"Amelia",56681,"VA","Electric utility non-cogen","IC","DFO,LFG"
"Ameresco Delaware Central",56430,"DE","Electric utility non-cogen","IC","LFG"
"Ameresco Delaware South",56429,"DE","Electric utility non-cogen","IC","LFG"
"Ameresco Stafford",56894,"VA","Electric utility non-cogen","IC","LFG"
"American Legion PV 1",59516,"NC","Electric utility non-cogen","PV","SUN"
"Amethyst Solar",58730,"NC","Electric utility non-cogen","PV","SUN"
"Amherst Solar Facility (VA)",67225,"VA","Electric utility","PV","SUN"
"Anclote",8048,"FL","Electric utility","ST","NG"
"Anderson (SC)",64409,"SC","Electric utility non-cogen","PV","SUN"
"Anderson Farm LLC",59115,"NC","Electric utility non-cogen","PV","SUN"
"Andrew Solar",59497,"NC","Electric utility non-cogen","PV","SUN"
"Angel Solar",58731,"NC","Electric utility non-cogen","PV","SUN"
"Angier Farm",58867,"NC","Electric utility non-cogen","PV","SUN"
"Anheuser-Busch Jacksonville",10431,"FL","Industrial cogen","GT","NG"
"Anhinga Solar Energy Center",65431,"FL","Electric utility","PV","SUN"
"Annapolis Solar Park, LLC",60681,"MD","Electric utility non-cogen","PV","SUN"
"Anne Arundel County Public Schools",62407,"MD","Electric utility non-cogen","PV","SUN"
"Anson County Generation Facility",56249,"NC","Electric utility","GT","NG,DFO"
"Apalachee",65432,"FL","Electric utility","PV","SUN"
"Apalachicola",64565,"GA","Electric utility non-cogen","PV","SUN"
"Apple Data Center - PV2",58701,"NC","Commercial non-cogen","PV","SUN"
"Apple Data Center PV",57994,"NC","Commercial non-cogen","PV","SUN"
"Apple Data Center PV3",59474,"NC","Commercial non-cogen","PV","SUN"
"Apple Grove Solar, LLC",65224,"VA","Electric utility non-cogen","PV","SUN"
"Apple One",58828,"NC","Electric utility non-cogen","PV","SUN"
"Ararat Rock Solar, LLC",58492,"NC","Electric utility non-cogen","PV","SUN"
"Arba Solar Energy Storage",64510,"NC","Electric utility","BA,PV","MWH,SUN"
"Arba Solar, LLC",58801,"NC","Electric utility non-cogen","PV","SUN"
"Arborgate Solar",62623,"NC","Electric utility non-cogen","PV","SUN"
"Archdiocese of Baltimore J",60662,"MD","Electric utility non-cogen","PV","SUN"
"Archdiocese of Baltimore L",60663,"MD","Electric utility non-cogen","PV","SUN"
"Archer Daniels Midland Southport",54316,"NC","Industrial cogen","GT","NG,DFO"
"Arndt Farm",58315,"NC","Electric utility non-cogen","PV","SUN"
"Arnold Cochran",64569,"GA","Electric utility non-cogen","PV","SUN"
"Arthur 2 Solar",66605,"NC","Electric utility non-cogen","PV","SUN"
"Arthur Solar, LLC",62136,"NC","Electric utility non-cogen","PV","SUN"
"Arvah B Hopkins",688,"FL","Electric utility","IC,GT,CT,CA","NG,DFO"
"Asheville",2706,"NC","Electric utility","GT,CT,CA","NG,DFO"
"Asheville-Rock Hill Battery",63064,"NC","Electric utility","BA","MWH"
"Ashley Solar Farm",59566,"NC","Electric utility non-cogen","PV","SUN"
"Aspen Solar, LLC",59694,"NC","Electric utility non-cogen","PV","SUN"
"Athens Regional Medical Center",55319,"GA","Commercial non-cogen","IC","DFO"
"Atkinson Farm Solar",60982,"NC","Electric utility non-cogen","PV","SUN"
"Atkinson Solar II",62096,"NC","Electric utility non-cogen","PV","SUN"
"Atlanta Falcons Solar",62393,"GA","Electric utility","PV","SUN"
"Atood II",61960,"SC","Electric utility non-cogen","PV","SUN"
"Audrey Solar",58732,"NC","Electric utility non-cogen","PV","SUN"
"Augusta Solar",63720,"SC","Electric utility non-cogen","PV","SUN"
"Augustus Farm, LLC",60313,"NC","Electric utility non-cogen","PV","SUN"
"Aulander Holloman Solar, LLC",62340,"NC","Electric utility non-cogen","PV","SUN"
"Aulander Hwy 42 Solar, LLC",63332,"NC","Electric utility non-cogen","PV","SUN"
"Auten Road Farm, LLC",60634,"NC","Electric utility non-cogen","PV","SUN"
"Avalon Hydropower",54801,"NC","Commercial non-cogen","HY","WAT"
"Axiall Natrium Plant",50491,"WV","Industrial cogen","ST","OG,NG"
"Ayrshire",58792,"NC","Electric utility non-cogen","PV","SUN"
"Azalea Solar, LLC",58482,"GA","Electric utility non-cogen","PV","SUN"
"BE Solar LLC",65728,"GA","Electric utility non-cogen","PV","SUN"
"BG Stewart Solar Farm, LLC",59930,"NC","Electric utility non-cogen","PV","SUN"
"BMW Manufacturing Co",58173,"SC","Industrial cogen","GT","NG,LFG"
"BRE",59706,"NC","Electric utility non-cogen","PV","SUN"
"BRE NC Solar 3",60627,"NC","Electric utility non-cogen","PV","SUN"
"BTC2 Solar (CSG)",63072,"MD","Electric utility non-cogen","PV","SUN"
"Babcock Preserve",62634,"FL","Electric utility","PV","SUN"
"Babcock Solar Energy Center Hybrid",59993,"FL","Electric utility","BA,PV","MWH,SUN"
"Back River Waste Water Treatment",59026,"MD","Electric utility non-cogen","PV","SUN"
"Baconton Power Plant",55304,"GA","Electric utility non-cogen","GT","NG,DFO"
"Bad Creek",7125,"SC","Electric utility","PS","WAT"
"Badger",62603,"NC","Electric utility non-cogen","PV","SUN"
"Bailey Farm LLC",59127,"NC","Electric utility non-cogen","PV","SUN"
"Bainbridge Solar",64011,"GA","Electric utility non-cogen","PV","SUN"
"Bakatsias Solar",61527,"NC","Electric utility non-cogen","PV","SUN"
"Baker PV 1",59517,"NC","Electric utility non-cogen","PV","SUN"
"Baker Point",61519,"MD","Electric utility non-cogen","PV","SUN"
"Ballenger Road Solar A",63759,"SC","Electric utility non-cogen","PV","SUN"
"Balm Solar",61654,"FL","Electric utility","PV","SUN"
"Balsam",59828,"NC","Electric utility non-cogen","PV","SUN"
"Baltimore Church Solar, LLC",60144,"NC","Electric utility non-cogen","PV","SUN"
"Baltimore City B",60664,"MD","Electric utility non-cogen","PV","SUN"
"Baltimore City D",60665,"MD","Electric utility non-cogen","PV","SUN"
"Baltimore City F",60666,"MD","Electric utility non-cogen","PV","SUN"
"Baltimore City G",60667,"MD","Electric utility non-cogen","PV","SUN"
"Bani Solar",61938,"SC","Electric utility non-cogen","PV","SUN"
"Banner Solar",66700,"NC","Electric utility non-cogen","PV","SUN"
"Baptist Medical Center",10008,"FL","Commercial cogen","GT","NG"
"Barefoot Bay Solar Energy Center",61051,"FL","Electric utility","PV","SUN"
"Barker Solar, LLC",61194,"NC","Electric utility non-cogen","PV","SUN"
"Barnhill Road Solar, LLC",60782,"NC","Electric utility non-cogen","PV","SUN"
"Barnwell Solar",61327,"SC","Electric utility non-cogen","PV","SUN"
"Bartow Davidson",66980,"GA","Electric utility non-cogen","PV","SUN"
"Bartow Solar Energy LLC",61879,"FL","Electric utility non-cogen","PV","SUN"
"Bath County",6167,"VA","Electric utility","PS","WAT"
"Battleboro Farm",60369,"NC","Electric utility non-cogen","PV","SUN"
"Battleground",59038,"NC","Electric utility non-cogen","PV","SUN"
"Baxley",64211,"GA","Electric utility non-cogen","PV","SUN"
"Bay Branch Solar",60601,"NC","Electric utility non-cogen","PV","SUN"
"Bay Ranch Solar Power Plant",65171,"FL","Electric utility","PV","SUN"
"Bay Trail Solar Power Plant",64145,"FL","Electric utility","PV","SUN"
"Bay Tree",63976,"NC","Electric utility non-cogen","PV","SUN"
"Bayboro",627,"FL","Electric utility","GT","DFO"
"Bayboro Solar Farm",61528,"NC","Electric utility non-cogen","PV","SUN"
"Bayview",3782,"VA","Electric utility non-cogen","IC","DFO"
"Bd of Educ of Queen Anne's Cnty, Cnty HS",62074,"MD","Electric utility non-cogen","PV","SUN"
"Beaker",65502,"NC","Electric utility non-cogen","PV","SUN"
"Bear Creek Dam",2741,"NC","Electric utility","HY","WAT"
"Bear Creek Solar (NC)",61351,"NC","Electric utility non-cogen","PV","SUN"
"Bear Garden",56807,"VA","Electric utility","CT","NG,DFO"
"Bear One",67404,"MD","Electric utility non-cogen","PV","SUN"
"BearPond Solar Center LLC",58955,"NC","Electric utility non-cogen","PV","SUN"
"Bearford Farm Solar Project",59567,"NC","Electric utility non-cogen","PV","SUN"
"Bearford Solar II",59488,"NC","Electric utility non-cogen","PV","SUN"
"Beaufort Solar, LLC",59887,"NC","Electric utility non-cogen","PV","SUN"
"Beckwith Solar",66602,"NC","Electric utility non-cogen","PV","SUN"
"Bedford Solar (Dominion)",65323,"VA","Electric utility","PV","SUN"
"Bedford Solar (Oppidum)",61126,"VA","Electric utility non-cogen","PV","SUN"
"Beech Ridge Energy LLC",57151,"WV","Electric utility non-cogen","WT","WND"
"Beech Ridge Energy Storage",60390,"WV","Electric utility non-cogen","BA","MWH"
"Beech Ridge II Wind Energy Center",62482,"WV","Electric utility non-cogen","WT","WND"
"Beetle Solar",59511,"NC","Electric utility non-cogen","PV","SUN"
"Belafonte",65503,"NC","Electric utility non-cogen","PV","SUN"
"Belews Creek",8042,"NC","Electric utility","ST","NG,BIT"
"Bell Bay Solar Farm",62395,"SC","Electric utility","PV","SUN"
"Bell Ridge Solar",65519,"FL","Electric utility non-cogen","PV","SUN"
"Belle Haven Diesel Generation Facility",60234,"VA","Electric utility","IC","DFO"
"Belleville Dam",7594,"WV","Electric utility","HY","WAT"
"Belwood Farm",58314,"NC","Electric utility non-cogen","PV","SUN"
"Benson Solar, LLC",63836,"NC","Electric utility non-cogen","PV","SUN"
"Benthall Bridge PV 1",59515,"NC","Electric utility non-cogen","PV","SUN"
"Berkeley County Landfill",57945,"SC","Electric utility","IC","LFG"
"Berlin",6565,"MD","Electric utility","IC","NG,DFO"
"Bernhardt Furniture Solar Farm",60881,"NC","Electric utility non-cogen","PV","SUN"
"Berry Road Solar",64472,"SC","Electric utility non-cogen","PV","SUN"
"Beth",64175,"NC","Electric utility non-cogen","PV","SUN"
"Bethel Price Solar, LLC",58843,"NC","Electric utility non-cogen","PV","SUN"
"Bethel Solar",59173,"NC","Electric utility non-cogen","PV","SUN"
"Beulah Solar",66709,"SC","Electric utility non-cogen","PV","SUN"
"Beulaville",59039,"NC","Electric utility non-cogen","PV","SUN"
"Bibb Jones",62880,"GA","Electric utility non-cogen","PV","SUN"
"Bibb Williams",67048,"GA","Electric utility non-cogen","PV","SUN"
"Big Bend",645,"FL","Electric utility","ST,GT,CT,BA,PV,CA","MWH,NG,SUN,BIT"
"Big Bend Agrivoltaics",65771,"FL","Electric utility","PV","SUN"
"Big Bend Floating Solar I",65772,"FL","Electric utility","PV","SUN"
"Big Bend II Solar",64641,"FL","Electric utility","PV","SUN"
"Big Boy",64174,"NC","Electric utility non-cogen","PV","SUN"
"Big Sandy Peaker Plant",55284,"WV","Electric utility non-cogen","GT","NG"
"Biltmore Solar Fields",61271,"NC","Electric utility non-cogen","PV","SUN"
"Bird Dog Solar",66024,"GA","Electric utility non-cogen","PV","SUN"
"Biscoe Solar LLC",58667,"NC","Electric utility non-cogen","PV","SUN"
"Bishopville Solar II, LLC",65781,"SC","Electric utility non-cogen","PV","SUN"
"Bizzell Church Solar 1, LLC",60401,"NC","Electric utility non-cogen","PV","SUN"
"Bizzell Church Solar 2",61158,"NC","Electric utility non-cogen","PV","SUN"
"Black Rock Wind",64433,"WV","Electric utility non-cogen","WT","WND"
"Blackburn Landfill Co-Generation",55488,"NC","Electric utility cogen","IC","LFG"
"Blacktip Solar",61939,"SC","Electric utility non-cogen","PV","SUN"
"Blackville Solar Farm, LLC",61918,"SC","Electric utility non-cogen","PV","SUN"
"Blackville Solar II",61973,"SC","Electric utility non-cogen","PV","SUN"
"Blackwater River Solar Energy Center",65433,"FL","Electric utility","PV","SUN"
"Bladen Solar",61561,"NC","Electric utility non-cogen","PV","SUN"
"Bladenboro Farm",58868,"NC","Electric utility non-cogen","PV","SUN"
"Bladenboro Solar 2",62101,"NC","Electric utility non-cogen","PV","SUN"
"Bladenboro Solar, LLC",61283,"NC","Electric utility non-cogen","PV","SUN"
"Blewett",2707,"NC","Electric utility","GT,HY","DFO,WAT"
"Bloom Solar",61940,"SC","Electric utility non-cogen","PV","SUN"
"Blue Cypress Solar Energy Center",61029,"FL","Electric utility","PV","SUN"
"Blue Hen Solar",65791,"DE","Electric utility non-cogen","PV","SUN"
"Blue Heron Solar",62631,"FL","Electric utility","PV","SUN"
"Blue Ridge",757,"GA","Electric utility","HY","WAT"
"Blue Springs",64757,"FL","Electric utility","PV","SUN"
"Blue Star",62332,"MD","Electric utility non-cogen","PV","SUN"
"Blueberry One",58605,"NC","Electric utility non-cogen","PV","SUN"
"Bluebird Solar SC LLC",63833,"SC","Electric utility non-cogen","PV","SUN"
"Bluefield Preserve Solar",65420,"FL","Electric utility","PV","SUN"
"Bluefin Origination 1",63323,"MD","Electric utility non-cogen","PV","SUN"
"Bluegrass Solar",63910,"MD","Electric utility non-cogen","PV","SUN"
"Bluestone Solar",62950,"VA","Electric utility non-cogen","PV","SUN"
"Bo Biggs Solar",64192,"NC","Electric utility non-cogen","PV","SUN"
"Boaz Farm Solar",61157,"NC","Electric utility non-cogen","PV","SUN"
"Bobby C Smith Jr Energy Facility",55406,"GA","Electric utility","CT,CA","NG"
"Bolton Farm",58349,"NC","Electric utility non-cogen","PV","SUN"
"Bomber CSG",65281,"MD","Electric utility non-cogen","PV","SUN"
"Bond Solar",61941,"SC","Electric utility non-cogen","PV","SUN"
"Bondi Solar",61352,"NC","Electric utility non-cogen","PV","SUN"
"Bonefish Solar",63461,"SC","Electric utility non-cogen","PV","SUN"
"Bonnie Mine Solar",61655,"FL","Electric utility","PV","SUN"
"Boseman Solar Center LLC",58807,"NC","Electric utility non-cogen","PV","SUN"
"Bostic Delivery No 2",56547,"NC","Electric utility","IC","DFO"
"Boulevard",732,"GA","Electric utility","GT","DFO"
"Bowen",703,"GA","Electric utility","ST","DFO,BIT"
"Bowie State Solar",61915,"MD","Electric utility non-cogen","PV","SUN"
"Boyds Mill Hydro",3253,"SC","Electric utility non-cogen","HY","WAT"
"Boydton Plank Road Cogen Plant Hybrid",54766,"VA","Electric utility non-cogen","IC","DFO"
"Boykin PV1",59996,"NC","Electric utility non-cogen","PV","SUN"
"Bradley PV1",59154,"NC","Electric utility non-cogen","PV","SUN"
"Brady Solar LLC",65729,"GA","Electric utility non-cogen","PV","SUN"
"Brandon Shores",602,"MD","Electric utility non-cogen","ST","DFO,BIT"
"Brandy Branch",7846,"FL","Electric utility","GT,CT,CA","NG,DFO"
"Brandywine Power Facility",54832,"MD","Electric utility cogen","CT,CA","NG,DFO"
"Brantley Solar",60623,"NC","Electric utility non-cogen","PV","SUN"
"Brasfield",10155,"VA","Electric utility non-cogen","HY","WAT"
"Brevard",61777,"FL","Electric utility non-cogen","IC","LFG"
"Briarwood",64410,"SC","Electric utility non-cogen","PV","SUN"
"Brick City Solar",66710,"NC","Electric utility non-cogen","PV","SUN"
"Bridgewater",2719,"NC","Electric utility","HY","WAT"
"Briel Solar Farm",65022,"VA","Electric utility non-cogen","PV","SUN"
"Brighter Future Solar",64910,"NC","Electric utility non-cogen","PV","SUN"
"Bristol Plant",60222,"VA","Electric utility non-cogen","IC","DFO,LFG"
"Broad River Energy Center",55166,"SC","Electric utility non-cogen","GT","NG,DFO"
"Broad River Solar, LLC",62822,"NC","Electric utility non-cogen","PV","SUN"
"Broadridge Solar, LLC",61218,"NC","Electric utility non-cogen","PV","SUN"
"Broadway Road Solar, LLC",64820,"NC","Electric utility non-cogen","PV","SUN"
"Broadway Solar Center, LLC",59762,"NC","Electric utility non-cogen","PV","SUN"
"Brookside Newark",58110,"DE","Electric utility non-cogen","FC","NG"
"Brookville Smart Bus Depot Microgrid",65945,"MD","Commercial non-cogen","IC,BA,PV","MWH,NG,SUN"
"Brown Station Road Plant II",55964,"MD","Commercial non-cogen","IC","LFG"
"Bruce A Henry Solar Farm",58473,"DE","Electric utility","PV","SUN"
"Brunswick Cellulose",10605,"GA","Industrial cogen","ST","NG,WDS,RFO,TDF,BLQ"
"Brunswick County Power Station",58260,"VA","Electric utility","CT","NG"
"Brunswick Landfill Gas",56682,"VA","Electric utility non-cogen","IC","DFO,LFG"
"Brunswick Nuclear",6014,"NC","Electric utility","ST","NUC"
"Bryan Floyd",66936,"GA","Electric utility non-cogen","PV","SUN"
"Bryant Road Solar",64155,"SC","Electric utility non-cogen","PV","SUN"
"Buchanan Generation LLC",55738,"VA","Electric utility non-cogen","GT","NG"
"Buck",2720,"NC","Electric utility","CT,CA","NG"
"Buck Hydro",3772,"VA","Electric utility","HY","WAT"
"Buckeye Florida LP",50466,"FL","Industrial cogen","ST","OBG,NG,WDS,RFO,BLQ"
"Buckingham Solar LLC",60917,"VA","Electric utility non-cogen","PV","SUN"
"Buckleberry Solar",61693,"NC","Electric utility non-cogen","PV","SUN"
"Buddy Solar",58735,"NC","Electric utility non-cogen","PV","SUN"
"Buford",759,"GA","Electric utility","HY","WAT"
"Bull Street Plant",59727,"SC","Electric utility","GT","NG"
"Bulldog Solar LLC",66542,"GA","Electric utility non-cogen","PV","SUN"
"Bulldog Solar One, LLC",64647,"MD","Electric utility non-cogen","PV","SUN"
"Bulloch County GA S3 LLC",66346,"GA","Electric utility non-cogen","PV","SUN"
"Bulloch County GA S4 LLC",66344,"GA","Electric utility non-cogen","PV","SUN"
"Bulloch Neville Farms",64275,"GA","Electric utility non-cogen","PV","SUN"
"Bullock Solar, LLC",61512,"NC","Electric utility non-cogen","PV","SUN"
"Bunn Level Farm, LLC",60636,"NC","Electric utility non-cogen","PV","SUN"
"Burgaw Solar, LLC",62240,"NC","Electric utility non-cogen","PV","SUN"
"Burns Solar One LLC",64606,"MD","Electric utility non-cogen","PV","SUN"
"Burton Dam",704,"GA","Electric utility","HY","WAT"
"Butler Plaza",58618,"FL","Electric utility non-cogen","PV","SUN"
"Butler Solar Farm 20",59891,"GA","Electric utility non-cogen","PV","SUN"
"Butler Solar Project 103",59896,"GA","Electric utility non-cogen","PV","SUN"
"Butler-Warner Generation Plant",1016,"NC","Electric utility","GT,CT,BA,PV,CA","MWH,NG,SUN,DFO"
"Buttercup Solar, LLC",64002,"NC","Electric utility non-cogen","PV","SUN"
"Buxton",2783,"NC","Electric utility","IC","DFO"
"Buzzard Roost",3254,"SC","Electric utility","HY","WAT"
"Byllesby 2",3773,"VA","Electric utility","HY","WAT"
"C D McIntosh Jr",676,"FL","Electric utility","GT,CT,CA","NG,DFO"
"CB Bladen Solar, LLC",60402,"NC","Electric utility non-cogen","PV","SUN"
"CBC Solar Energy Gen Fac Phase 2",59451,"NC","Electric utility non-cogen","PV","SUN"
"CCBC-Catonsville",60036,"MD","Electric utility non-cogen","PV","SUN"
"CES VMT Solar",60029,"MD","Electric utility non-cogen","PV","SUN"
"CG PS Portfolio 1, LLC",66991,"GA","Electric utility cogen","IC","LFG"
"CII Methane Management III LFG Plant",59650,"GA","Electric utility non-cogen","IC","LFG"
"CII Methane Management IV, LLC",59711,"NC","Electric utility non-cogen","IC","LFG"
"CNE at Cambridge MD",59842,"MD","Electric utility non-cogen","PV","SUN"
"CNN Center",54323,"GA","Commercial non-cogen","IC","DFO"
"COC Surry LFG, LLC",59439,"NC","Electric utility non-cogen","IC","LFG"
"CPG - Duke 5300A Holabird",66536,"MD","Electric utility non-cogen","PV","SUN"
"CPG - Duke 5300B Holabird",66537,"MD","Electric utility non-cogen","PV","SUN"
"CPG - Duke 5900 Holabird",66538,"MD","Electric utility non-cogen","PV","SUN"
"CPG - Duke 6000 Holabird",66539,"MD","Electric utility non-cogen","PV","SUN"
"CPV St Charles Energy Center",56846,"MD","Electric utility non-cogen","CT,CA","NG"
"CS Murphy Point, LLC",57687,"NC","Electric utility non-cogen","PV","SUN"
"CSL Gas Recovery",50572,"FL","Electric utility non-cogen","CT","LFG"
"Cabin Creek Solar, LLC",65107,"NC","Electric utility non-cogen","PV","SUN"
"Caden Energix Axton LLC",66635,"VA","Electric utility non-cogen","PV","SUN"
"Caden Energix Endless Caverns, LLC",65219,"VA","Electric utility non-cogen","PV","SUN"
"Caden Energix Hickory LLC",63084,"VA","Electric utility non-cogen","PV","SUN"
"Caden Energix Pamplin LLC",63083,"VA","Electric utility non-cogen","PV","SUN"
"Caden Energix Rives Road LLC",63087,"VA","Electric utility non-cogen","PV","SUN"
"Caden Energix Wytheville LLC",65314,"VA","Electric utility non-cogen","PV","SUN"
"Cairo Solar Farm, LLC",66199,"GA","Electric utility non-cogen","PV","SUN"
"Calvert Cliffs Nuclear Power Plant",6011,"MD","Electric utility non-cogen","ST","NUC"
"Camden Dam Solar, LLC",62330,"NC","Electric utility non-cogen","PV","SUN"
"Camden Solar LLC",64535,"NC","Electric utility non-cogen","PV","SUN"
"Cameron Solar",61489,"SC","Electric utility non-cogen","PV","SUN"
"Cameron Solar II",61326,"SC","Electric utility non-cogen","PV","SUN"
"Camilla Solar Energy Project",61785,"GA","Electric utility non-cogen","PV","SUN"
"Camilla Solar Plant",58892,"GA","Electric utility non-cogen","PV","SUN"
"Camp Lejeune Solar and Energy Storage",59966,"NC","Electric utility","PV","SUN"
"Camp Solar Plant",58893,"GA","Electric utility non-cogen","PV","SUN"
"Candace Solar",59499,"NC","Electric utility non-cogen","PV","SUN"
"Cane Island",7238,"FL","Electric utility","GT,CT,CA","NG,DFO"
"Canton North Carolina",50244,"NC","Industrial cogen","ST","NG,DFO,WDS,BIT,BLQ"
"Cape Canaveral",609,"FL","Electric utility","CT,CA","NG,DFO"
"Cardinal Solar LLC",63973,"SC","Electric utility non-cogen","PV","SUN"
"Carl Friedrich Gauss Solar",60882,"NC","Electric utility non-cogen","PV","SUN"
"Carol Jean Solar",59017,"NC","Electric utility non-cogen","PV","SUN"
"Carolina Lily Solar",63016,"NC","Electric utility non-cogen","PV","SUN"
"Carolina Poultry Power Farmville",62873,"NC","Electric utility cogen","ST","AB"
"Carter PV1",59156,"NC","Electric utility non-cogen","PV","SUN"
"Carters",6130,"GA","Electric utility","HY,PS","WAT"
"Cash Solar",60178,"NC","Electric utility non-cogen","PV","SUN"
"Castalia Solar",58849,"NC","Electric utility non-cogen","PV","SUN"
"Catawba",6036,"SC","Electric utility","ST","NUC"
"Catawba River Pollution Control",56553,"NC","Commercial non-cogen","IC","DFO"
"Catawba Solar LLC",60800,"NC","Electric utility non-cogen","PV","SUN"
"Cathcart Solar, LLC",66055,"NC","Electric utility non-cogen","PV","SUN"
"Cattle Ranch",62632,"FL","Electric utility","PV","SUN"
"Cecil County CCVT HS",60353,"MD","Electric utility non-cogen","PV","SUN"
"Cedar Cliff",2743,"NC","Electric utility","HY","WAT"
"Cedar Creek (SC)",3255,"SC","Electric utility","HY","WAT"
"Cedar Creek Solar, LLC",66200,"GA","Electric utility non-cogen","PV","SUN"
"Cedar Solar, LLC",60135,"NC","Electric utility non-cogen","PV","SUN"
"Celanese Acetate LLC",52089,"VA","Industrial cogen","ST","NG"
"Centerfield Cooper Solar, LLC",63810,"SC","Electric utility non-cogen","PV","SUN"
"Central Energy Facility",58400,"SC","Commercial non-cogen","GT","NG"
"Central Energy Plant",7294,"FL","Electric utility","CT","NG"
"Central Utility Plant at White Oak",58207,"MD","Commercial cogen","IC,CT,GT","NG,DFO"
"Century Drive Solar Farm",61187,"NC","Electric utility non-cogen","PV","SUN"
"Ceredo Generating Station",55276,"WV","Electric utility","GT","NG"
"Chadbourn Farm",58311,"NC","Electric utility non-cogen","PV","SUN"
"Chalk Point Power",1571,"MD","Electric utility non-cogen","GT,ST","NG,DFO"
"Chalk Point Steam",65285,"MD","Electric utility non-cogen","GT","DFO"
"Champion Solar",61522,"SC","Electric utility non-cogen","PV","SUN"
"Changeup",62601,"NC","Electric utility non-cogen","PV","SUN"
"Charles City",56683,"VA","Electric utility non-cogen","IC","DFO,LFG"
"Charlie",64176,"NC","Electric utility non-cogen","PV","SUN"
"Charlie Creek Solar Power Plant",63982,"FL","Electric utility","PV","SUN"
"Charlotte Solar",58722,"NC","Electric utility non-cogen","PV","SUN"
"Chattahoochee Energy Facility",7917,"GA","Electric utility","CT,CA","NG"
"Chatuge",2778,"NC","Electric utility","HY","WAT"
"Chauncey Farm LLC",59100,"NC","Electric utility non-cogen","PV","SUN"
"Chautauqua Solar Energy Center",65421,"FL","Electric utility","PV","SUN"
"Chei Solar",59508,"NC","Electric utility non-cogen","PV","SUN"
"Cheoah",54899,"NC","Electric utility non-cogen","HY","WAT"
"Cherokee County Cogen",55043,"SC","Electric utility cogen","CT,CA","NG"
"Cherokee Falls",10173,"SC","Electric utility non-cogen","HY","WAT"
"Cherry Blossom Solar LLC",63505,"SC","Electric utility non-cogen","PV","SUN"
"Cherryville City Hall",56340,"NC","Electric utility","IC","DFO"
"Chesapeake",3803,"VA","Electric utility","GT","DFO"
"Chesapeake College",60465,"MD","Electric utility non-cogen","PV","SUN"
"Chesapeake Solar Project",66541,"VA","Electric utility non-cogen","PV","SUN"
"Chester Woods Point Solar, LLC CSG",62720,"MD","Electric utility non-cogen","PV","SUN"
"Chesterfield",3797,"VA","Electric utility","CT,ST","NG,DFO,BIT"
"Chesterfield Landfill Gas",56684,"VA","Electric utility non-cogen","IC","DFO,LFG"
"Chestnut Solar",61011,"NC","Electric utility","PV","SUN"
"Chimes West Friendship (Nixon Farms)",59743,"MD","Electric utility non-cogen","PV","SUN"
"Choco Solar, LLC",59899,"NC","Electric utility non-cogen","PV","SUN"
"Chocowinity Solar LLC",58675,"NC","Electric utility non-cogen","PV","SUN"
"Chowan Jehu Solar",62693,"NC","Electric utility non-cogen","PV","SUN"
"Christiana",591,"DE","Electric utility non-cogen","GT","DFO"
"Church Hill",60737,"MD","Electric utility non-cogen","PV","SUN"
"Church Road Solar LLC",62168,"NC","Electric utility non-cogen","PV","SUN"
"Church Street Plant",7438,"VA","Electric utility","IC","DFO"
"Cirrus Solar LLC",58674,"NC","Electric utility non-cogen","PV","SUN"
"Citrus Ridge Solar",61988,"FL","Electric utility non-cogen","PV","SUN"
"Citrus Solar Energy Center Hybrid",60061,"FL","Electric utility","BA,PV","MWH,SUN"
"City West Diesel Plant",57886,"SC","Electric utility","IC","DFO"
"City of Bowie",65130,"MD","Electric utility non-cogen","PV","SUN"
"City of Havre De Grace C",60668,"MD","Electric utility non-cogen","PV","SUN"
"Claytor",3774,"VA","Electric utility","HY","WAT"
"Clear Solar I, LLC",65817,"NC","Electric utility non-cogen","PV","SUN"
"Clearwater Paper Corporation - Augusta",54358,"GA","Industrial cogen","ST","NG,WDS,BLQ"
"Cleveland Cnty Generating Facility",57029,"NC","Electric utility non-cogen","GT","NG,DFO"
"Clewiston Sugar House",50482,"FL","Industrial cogen","ST","NG,DFO,AB"
"Clifton Dam 3 Power Station",52049,"SC","Electric utility non-cogen","HY","WAT"
"Clinch River",3775,"VA","Electric utility","ST","NG"
"Cline Solar Farm, LLC",59929,"NC","Electric utility non-cogen","PV","SUN"
"Clipperton Holdings LLC",59213,"NC","Electric utility non-cogen","PV","SUN"
"Clovelly Solar",66711,"NC","Electric utility non-cogen","PV","SUN"
"Clover",7213,"VA","Electric utility","ST","DFO,BIT"
"CoTAL Solar Farm",60582,"FL","Electric utility non-cogen","PV","SUN"
"Coastal Virginia Offshore Wind (CVOW) Pi",59693,"VA","Electric utility","WS","WND"
"Coats Solar Farm, LLC",59937,"NC","Electric utility non-cogen","PV","SUN"
"Cohen Farm Solar, LLC",60146,"NC","Electric utility non-cogen","PV","SUN"
"Coit GT",3281,"SC","Electric utility","GT","NG,DFO"
"Colice Hall Solar",67172,"NC","Electric utility non-cogen","PV","SUN"
"Colleton Solar Farm",58700,"SC","Electric utility non-cogen","PV","SUN"
"Colonial Trail West",61985,"VA","Electric utility","PV","SUN"
"Columbia Bryson",62879,"GA","Electric utility non-cogen","PV","SUN"
"Columbia Energy Center (SC)",55386,"SC","Electric utility","CT,CA","NG,DFO"
"Columbia Solar Power Plant",61982,"FL","Electric utility","PV","SUN"
"Columbia Substation",64570,"GA","Electric utility non-cogen","PV","SUN"
"Comer Solar",61554,"GA","Electric utility","PV","SUN"
"Commonwealth Chesapeake",55381,"VA","Electric utility non-cogen","GT","DFO"
"Concord Energy",57896,"NC","Electric utility non-cogen","GT","LFG"
"Concord Farm",59818,"NC","Electric utility non-cogen","PV","SUN"
"Conetoe II Solar, LLC",59944,"NC","Electric utility non-cogen","PV","SUN"
"Conetoe Solar",60188,"NC","Electric utility non-cogen","PV","SUN"
"Conowingo",1574,"MD","Electric utility non-cogen","HY","WAT"
"Coody Cochran",64571,"GA","Electric utility non-cogen","PV","SUN"
"Coogee Solar",66712,"NC","Electric utility non-cogen","PV","SUN"
"Cookstown",62600,"NC","Electric utility non-cogen","PV","SUN"
"Cool Springs Solar (Hybrid)",63721,"GA","Electric utility non-cogen","BA,PV","MWH,SUN"
"Cope",7210,"SC","Electric utility","ST","NG,DFO,BIT"
"Copperfield",61882,"NC","Electric utility non-cogen","PV","SUN"
"Coral Farms Solar Energy Center",61022,"FL","Electric utility","PV","SUN"
"Cork Oak Solar",60637,"NC","Electric utility non-cogen","PV","SUN"
"Cornelius Delivery No 1",56546,"NC","Electric utility","IC","DFO"
"Cornwall Solar Center, LLC",59663,"NC","Electric utility non-cogen","PV","SUN"
"Correctional Solar LLC",60915,"VA","Electric utility non-cogen","PV","SUN"
"Cotten Farm, LLC",60965,"NC","Electric utility non-cogen","PV","SUN"
"Cotton Creek Solar Energy Center",65036,"FL","Electric utility","PV","SUN"
"Cottonwood Solar, LLC",63293,"NC","Electric utility non-cogen","PV","SUN"
"Cougar Solar, LLC",61658,"NC","Electric utility non-cogen","PV","SUN"
"County Home Solar Center, LLC",60199,"NC","Electric utility non-cogen","PV","SUN"
"County Home Solar LLC",62167,"NC","Electric utility non-cogen","PV","SUN"
"Covanta Alexandria/Arlington Energy",50663,"VA","Commercial non-cogen","ST","MSB,MSN"
"Covanta Fairfax Energy",50658,"VA","Commercial non-cogen","ST","NG,MSB,MSN"
"Covanta Lake County Energy",50629,"FL","Electric utility non-cogen","ST","MSB,NG,MSN"
"Covington Facility",50900,"VA","Industrial cogen","ST","NG,DFO,WDS,RFO,BIT,BLQ"
"Cowans Ford",2722,"NC","Electric utility","HY","WAT"
"Craven County Wood Energy LP",10525,"NC","Electric utility non-cogen","ST","WDS,OBS"
"Creech Solar 2, LLC",60635,"NC","Electric utility non-cogen","PV","SUN"
"Crestwood Solar Center LLC",59914,"NC","Electric utility non-cogen","PV","SUN"
"Creswell Alligood Solar, LLC",59548,"NC","Electric utility non-cogen","PV","SUN"
"Crisfield",1563,"MD","Electric utility non-cogen","IC","DFO"
"Crisp Plant",753,"GA","Electric utility","GT","NG"
"Criterion",57300,"MD","Electric utility non-cogen","WT","WND"
"Crockett Farm",59561,"NC","Electric utility non-cogen","PV","SUN"
"Croda Atlas Point CHP",59783,"DE","Industrial cogen","IC","LFG"
"Crooked Run",62678,"NC","Electric utility non-cogen","PV","SUN"
"Cross",130,"SC","Electric utility","ST","DFO,BIT"
"Crown",63635,"SC","Electric utility non-cogen","PV","SUN"
"Cruise Solar, LLC",65584,"NC","Electric utility non-cogen","PV","SUN"
"Crystal Hill Solar",66839,"VA","Electric utility non-cogen","PV","SUN"
"Crystal River",628,"FL","Electric utility","ST,CT,CA","NG,DFO,BIT"
"Cubera Solar, LLC",63346,"NC","Electric utility non-cogen","PV","SUN"
"Cummins Whitakers PV Arrays",65470,"NC","Electric utility non-cogen","PV","SUN"
"Cunningham Solar LLC",67235,"VA","Electric utility non-cogen","PV","SUN"
"Currin Solar, LLC",60403,"NC","Electric utility non-cogen","PV","SUN"
"Curry Solar",64226,"GA","Electric utility non-cogen","PV","SUN"
"Curtis H Stanton Energy Center",55821,"FL","Electric utility non-cogen","CT,CA","NG"
"Cushaw",3798,"VA","Electric utility","HY","WAT"
"Cutrale Citrus Juices USA I",10020,"FL","Industrial non-cogen","GT","NG"
"Cutrale Citrus Juices USA II",10188,"FL","Industrial non-cogen","GT","NG"
"DC Water Solar",63917,"DC","Electric utility non-cogen","PV","SUN"
"DD Fayetteville Solar NC LLC",59117,"NC","Electric utility","PV","SUN"
"DD Hay Road Solar 23 LLC",59715,"DE","Electric utility non-cogen","PV","SUN"
"DE Solar 10240 Old Dowd Rd",57334,"NC","Electric utility","PV","SUN"
"DE Solar 1725 Drywall Dr",57336,"NC","Electric utility","PV","SUN"
"DE Solar 657 Brigham Rd",57335,"NC","Electric utility","PV","SUN"
"DEC Phase II at Georgetown",63392,"DE","Electric utility non-cogen","PV","SUN"
"DG AMP Solar Front Royal",61055,"VA","Electric utility non-cogen","PV","SUN"
"DG AMP Solar Smyrna",61800,"DE","Electric utility non-cogen","PV","SUN"
"DSM Pharmaceuticals",54887,"NC","Industrial cogen","IC,GT","NG,DFO"
"Dahlberg",7709,"GA","Electric utility non-cogen","GT","NG,DFO"
"Dalton 2",59556,"GA","Electric utility","PV","SUN"
"Dam No. 4 Hydro Station",6543,"WV","Electric utility non-cogen","HY","WAT"
"Dam No. 5 Hydro Station",6544,"WV","Electric utility non-cogen","HY","WAT"
"Dan River",2723,"NC","Electric utility","CT,CA","NG"
"Dania Beach 7",65978,"FL","Electric utility","CT,CA","NG"
"Daniel Farm LLC",59126,"NC","Electric utility non-cogen","PV","SUN"
"Danville",61849,"VA","Electric utility non-cogen","PV","SUN"
"Danville BESS 1",65499,"VA","Electric utility non-cogen","BA","MWH"
"Danville Farm, LLC",63965,"VA","Electric utility non-cogen","PV","SUN"
"Danville Kentuck Road Plant",56364,"VA","Electric utility","IC","DFO"
"Danville New Design Plant",56363,"VA","Electric utility","IC","DFO"
"Darbytown",7212,"VA","Electric utility","GT","NG,DFO"
"Darlington County",3250,"SC","Electric utility","GT","NG,DFO"
"Darlington Solar, LLC",60993,"SC","Electric utility non-cogen","PV","SUN"
"Davidson Gas Producers LLC",57436,"NC","Electric utility non-cogen","IC","LFG"
"Davis Lane Solar, LLC",61581,"NC","Electric utility non-cogen","PV","SUN"
"Daystar Solar",60179,"NC","Electric utility non-cogen","PV","SUN"
"Daytona International Speedway Solar",60005,"FL","Electric utility","PV","SUN"
"DeBary",6046,"FL","Electric utility","GT","NG,DFO"
"DeSoto Next Generation Solar Energy",56929,"FL","Electric utility","PV","SUN"
"Dearborn",3256,"SC","Electric utility","HY","WAT"
"Debary Solar Power Plant",62542,"FL","Electric utility","PV","SUN"
"Decatur County Solar Project",59449,"GA","Electric utility non-cogen","PV","SUN"
"Decatur Parkway Solar Project, LLC",59450,"GA","Electric utility non-cogen","PV","SUN"
"Deep Branch Farm",61403,"NC","Electric utility non-cogen","PV","SUN"
"Deep Creek",1567,"MD","Electric utility non-cogen","HY","WAT"
"Deerhaven Generating Station",663,"FL","Electric utility","GT,ST","NG,DFO,BIT"
"Deerhaven Renewable",57241,"FL","Electric utility","ST","NG,WDS"
"Delaware City 10",592,"DE","Electric utility non-cogen","GT","DFO"
"Delaware City Plant",52193,"DE","Industrial cogen","GT,ST","OG,NG"
"Delco Farm",61088,"NC","Electric utility non-cogen","PV","SUN"
"Dement Farm LLC",58874,"NC","Electric utility non-cogen","PV","SUN"
"Denmark Solar",62211,"SC","Electric utility non-cogen","PV","SUN"
"Denver Braswell PV",61441,"GA","Electric utility non-cogen","PV","SUN"
"Depot Solar Center, LLC",61691,"VA","Electric utility non-cogen","PV","SUN"
"Desert Wind Farm, LLC",59968,"NC","Electric utility non-cogen","WT","WND"
"Desper Solar",62730,"VA","Electric utility","PV","SUN"
"Dessie Solar Center LLC",58952,"NC","Electric utility non-cogen","PV","SUN"
"Diamond Solar",61974,"SC","Electric utility non-cogen","PV","SUN"
"Dibrell Farm",58346,"NC","Electric utility non-cogen","PV","SUN"
"Dickerson Power",1572,"MD","Electric utility non-cogen","GT","NG,DFO"
"Discovery Solar Center",63109,"FL","Electric utility","PV","SUN"
"Dixon Dairy Road Solar",58453,"NC","Electric utility non-cogen","PV","SUN"
"Dogwood Solar, LLC",58844,"NC","Electric utility non-cogen","PV","SUN"
"Dominion/Lo Mar",7797,"VA","Electric utility","IC,GT","DFO"
"Domino Sugar Baltimore",54795,"MD","Industrial cogen","ST","NG,RFO"
"Domtar Paper Co LLC Plymouth NC",50189,"NC","Industrial cogen","ST","NG,DFO,WDS,BLQ"
"Dorchester Biomass",58707,"SC","Electric utility non-cogen","ST","WDS"
"Doswell Energy Center",52019,"VA","Electric utility non-cogen","GT,CT,CA","NG,DFO"
"Dougherty County Solar, LLC",62375,"GA","Electric utility non-cogen","PV","SUN"
"Dover Solar and Battery Storage",66129,"FL","Electric utility","PV","SUN"
"Dover Sun Park",57337,"DE","Electric utility non-cogen","PV","SUN"
"Downs Farm Solar",59429,"NC","Electric utility non-cogen","PV","SUN"
"Downtown",55954,"VA","Electric utility","IC","DFO"
"Doyle Energy Facility",55244,"GA","Electric utility","GT","NG"
"Dragstrip Farm",59102,"NC","Electric utility non-cogen","PV","SUN"
"Drexel Operations Center",56548,"NC","Electric utility","IC","DFO"
"Dublin Solar I",60930,"GA","Electric utility non-cogen","PV","SUN"
"Duette Solar Power Plant",63978,"FL","Electric utility","PV","SUN"
"Duke Energy CHP at Clemson University",63063,"SC","Electric utility","GT","NG"
"Dunn",59376,"NC","Electric utility non-cogen","PV","SUN"
"Duplin Solar I LLC (160 Houston Lane)",60599,"NC","Electric utility non-cogen","PV","SUN"
"Duplin Solar LLC",58879,"NC","Electric utility non-cogen","PV","SUN"
"Durham Solar",60131,"NC","Electric utility non-cogen","PV","SUN"
"Durrance",63495,"FL","Electric utility","PV","SUN"
"ENGIE Solidago Solar Project - Hybrid",65304,"DE","Electric utility non-cogen","PV","SUN"
"ESA Albemarle NC Solar",66718,"NC","Electric utility non-cogen","PV","SUN"
"ESA Boston Solar, LLC",64363,"NC","Electric utility non-cogen","PV","SUN"
"ESA Buies Creek, LLC",63732,"NC","Electric utility non-cogen","PV","SUN"
"ESA Four Oaks 2 NC LLC",62996,"NC","Electric utility non-cogen","PV","SUN"
"ESA Hamlet NC , LLC",63377,"NC","Electric utility non-cogen","PV","SUN"
"ESA Selma",59956,"NC","Electric utility non-cogen","PV","SUN"
"ESA Smithfield",59955,"NC","Electric utility non-cogen","PV","SUN"
"Eagle Solar",60161,"NC","Electric utility non-cogen","PV","SUN"
"East Nash PV2",63789,"NC","Electric utility non-cogen","PV","SUN"
"East Wayne Solar LLC",59189,"NC","Electric utility non-cogen","PV","SUN"
"Eastern Correctional Institute",10693,"MD","Commercial cogen","IC,ST","DFO,WDS"
"Eastern Landfill Gas LLC",56571,"MD","Electric utility non-cogen","IC","LFG"
"Eastern Shore Solar, LLC",60127,"VA","Electric utility non-cogen","PV","SUN"
"Easton",1580,"MD","Electric utility","IC","DFO"
"Easton 2",4257,"MD","Electric utility","IC,GT","DFO"
"Eastover Farm",59562,"NC","Electric utility non-cogen","PV","SUN"
"Eastover Solar",66717,"SC","Electric utility non-cogen","PV","SUN"
"Eastside WWTP",57606,"NC","Electric utility","IC","DFO"
"Echo River Solar",62490,"FL","Electric utility","BA,PV","MWH,SUN"
"Eden Solar LLC",59778,"NC","Electric utility non-cogen","PV","SUN"
"Edenton Generators",7429,"NC","Electric utility","IC","DFO"
"Edenton Solar",61781,"NC","Electric utility non-cogen","PV","SUN"
"Edge Moor",593,"DE","Electric utility non-cogen","GT,ST","NG,DFO,RFO"
"Edison Farm",66371,"NC","Electric utility non-cogen","PV","SUN"
"Edison Solar",61975,"SC","Electric utility non-cogen","PV","SUN"
"Edward L. Addison Generating Plant",55267,"GA","Electric utility non-cogen","GT","NG,DFO"
"Edwin I Hatch",6051,"GA","Electric utility","ST","NUC"
"Egret Solar Center",62925,"FL","Electric utility","PV","SUN"
"Eight Flags Energy",60025,"FL","Electric utility cogen","GT","NG"
"Elder Branch",65041,"FL","Electric utility","PV","SUN"
"Electric Avenue Facility",56367,"VA","Electric utility","IC","DFO"
"Elizabeth River Power Station",52087,"VA","Electric utility","GT","NG,DFO"
"Elkton",52148,"VA","Industrial cogen","IC,ST","NG,DFO"
"Elkton Solar",60089,"MD","Electric utility non-cogen","PV","SUN"
"Ellerbe",59042,"NC","Electric utility non-cogen","PV","SUN"
"Elliana Solar",58725,"NC","Electric utility non-cogen","PV","SUN"
"Elm City Solar Facility",59164,"NC","Electric utility","PV","SUN"
"Elm Solar, LLC",60136,"NC","Electric utility non-cogen","PV","SUN"
"Emmitsburg Solar Arrays",60849,"MD","Electric utility non-cogen","PV","SUN"
"Emory Decatur Hospital",54830,"GA","Commercial non-cogen","IC","DFO"
"Emory Hillandale Hospital",56231,"GA","Commercial non-cogen","IC","DFO"
"Emporia",50175,"VA","Electric utility non-cogen","HY","WAT"
"Energix Aditya, LLC",65151,"VA","Electric utility non-cogen","PV","SUN"
"Energix Buckingham, LLC",64015,"VA","Electric utility non-cogen","PV","SUN"
"Energix Hollyfield, LLC",64010,"VA","Electric utility non-cogen","PV","SUN"
"Energix Leatherwood, LLC",64817,"VA","Electric utility non-cogen","PV","SUN"
"Energix Nokesville, LLC",64012,"VA","Electric utility non-cogen","PV","SUN"
"Energy Center Dover",10030,"DE","Electric utility cogen","GT,CT,CA","NG,DFO"
"Ennis Solar, LLC",62662,"NC","Electric utility non-cogen","PV","SUN"
"Enoree Phase II Landfill Gas Recovery",56951,"SC","Electric utility non-cogen","IC","LFG"
"Eros Solar, LLC",63733,"NC","Electric utility non-cogen","PV","SUN"
"Erwin Farm",58859,"NC","Electric utility non-cogen","PV","SUN"
"Essential Power Rock Springs LLC",7835,"MD","Electric utility non-cogen","GT","NG"
"Essex Solar Center",61406,"VA","Electric utility non-cogen","PV","SUN"
"Estill Solar",61490,"SC","Electric utility non-cogen","PV","SUN"
"Estill Solar II",61529,"SC","Electric utility non-cogen","PV","SUN"
"Everett PV1",60997,"NC","Electric utility non-cogen","PV","SUN"
"Everetts Wildcat Solar, LLC",59549,"NC","Electric utility non-cogen","PV","SUN"
"Everglades Solar Energy Center",65423,"FL","Electric utility","PV","SUN"
"Exum Farm Solar, LLC",60400,"NC","Electric utility non-cogen","PV","SUN"
"FFP - MD Foxhall",67297,"MD","Electric utility non-cogen","PV","SUN"
"FIU Solar",60006,"FL","Electric utility","PV","SUN"
"FL Solar 4, LLC",63187,"FL","Electric utility non-cogen","PV","SUN"
"FLS Solar 170, LLC",59552,"NC","Electric utility non-cogen","PV","SUN"
"FLS Solar 200, LLC",59551,"NC","Electric utility non-cogen","PV","SUN"
"FLS Solar 230 (Warren)",59646,"NC","Electric utility non-cogen","PV","SUN"
"FPL Cavendish Solar Energy Center",65438,"FL","Electric utility","PV","SUN"
"FPL Chipola River Solar Energy Center",65422,"FL","Electric utility","PV","SUN"
"FPL Cypress Pond Solar",65593,"FL","Electric utility","PV","SUN"
"FPL Etonia Creek",65594,"FL","Electric utility","PV","SUN"
"FPL Flowers Creek Solar Energy Center",65427,"FL","Electric utility","PV","SUN"
"FPL Saw Palmetto Solar Energy Center",65592,"FL","Electric utility","PV","SUN"
"FPL Shirer Branch Solar Energy Center",65429,"FL","Electric utility","PV","SUN"
"Facile Solar",59406,"NC","Electric utility non-cogen","PV","SUN"
"Fair Wind",59147,"MD","Electric utility non-cogen","WT","WND"
"Fairfield Pumped Storage",6126,"SC","Electric utility","PS","WAT"
"Fairmont-FLS 100",59052,"NC","Electric utility non-cogen","PV","SUN"
"Faison Solar",59333,"NC","Electric utility non-cogen","PV","SUN"
"Falls Hydro",54895,"NC","Electric utility","HY","WAT"
"Farrington Farm",58318,"NC","Electric utility non-cogen","PV","SUN"
"FedEx Field Solar Facility",57747,"MD","Electric utility non-cogen","PV","SUN"
"FedEx Hagerstown",67801,"MD","Electric utility non-cogen","PV","SUN"
"Federalsburg Energy Storage 1 LLC",66499,"MD","Electric utility non-cogen","BA,PV","MWH,SUN"
"Fern Solar LLC",62798,"NC","Electric utility non-cogen","PV","SUN"
"Fernandina Beach Mill",10202,"FL","Industrial cogen","ST","NG,DFO,WDS,BIT,BLQ"
"Fernandina Plant",10562,"FL","Industrial cogen","ST","WDL,NG,DFO,WDS,TDF,RFO,OBS"
"Field Street",7954,"FL","Electric utility","GT","DFO"
"First Baptist Church of Glenarden",62043,"MD","Electric utility non-cogen","PV","SUN"
"First City Solar Energy Center",65424,"FL","Electric utility","PV","SUN"
"FirstEnergy Fort Martin Power Station",3943,"WV","Electric utility","ST","DFO,BIT"
"FirstEnergy Harrison Power Station",3944,"WV","Electric utility","ST","NG,RC"
"Fisher Solar Farm - NC",61089,"NC","Electric utility non-cogen","PV","SUN"
"Fishing Creek",3257,"SC","Electric utility","HY","WAT"
"Five Forks Solar",59951,"NC","Electric utility non-cogen","PV","SUN"
"Flash Solar",58726,"NC","Electric utility non-cogen","PV","SUN"
"Flat Meeks PV 1",59514,"NC","Electric utility non-cogen","PV","SUN"
"Flatwood Farm",64527,"NC","Electric utility non-cogen","PV","SUN"
"Flemming Solar Center LLC",58808,"NC","Electric utility non-cogen","PV","SUN"
"Flint Hill Solar, LLC",60370,"NC","Electric utility non-cogen","PV","SUN"
"Flint River",706,"GA","Electric utility","HY","WAT"
"Flint River Operations",50465,"GA","Industrial cogen","ST","NG,DFO,WDS,BLQ"
"Florence Mill",50806,"SC","Industrial cogen","ST","NG,WDS,RFO,BIT,BLQ"
"Florida's Natural Growers",10275,"FL","Industrial cogen","GT","NG"
"Flowers Solar LLC",62487,"NC","Electric utility non-cogen","PV","SUN"
"Floyd Road Solar Farm",61031,"NC","Electric utility non-cogen","PV","SUN"
"Floyd Solar, LLC",60147,"NC","Electric utility non-cogen","PV","SUN"
"Fontana Dam",2779,"NC","Electric utility","HY","WAT"
"Fort Benning Solar Facility",59862,"GA","Electric utility","PV","SUN"
"Fort Bragg - Camp Mackall PV BESS System",64050,"NC","Electric utility non-cogen","BA,PV","MWH,SUN"
"Fort Detrick Solar PV",61552,"MD","Electric utility non-cogen","PV","SUN"
"Fort Drum Energy Center",64300,"FL","Electric utility","PV","SUN"
"Fort Gordon Solar Facility",59863,"GA","Electric utility","PV","SUN"
"Fort Green Solar Power Plant",64533,"FL","Electric utility","PV","SUN"
"Fort Myers",612,"FL","Electric utility","GT,CT,CA","NG,DFO"
"Fort Powhatan Solar",65322,"VA","Electric utility","PV","SUN"
"Fort Stewart Solar Facility",59865,"GA","Electric utility","PV","SUN"
"Fort Valley State University Solar",63062,"GA","Electric utility","PV","SUN"
"Fountain Folkston",64584,"GA","Electric utility non-cogen","PV","SUN"
"Fourmile Ridge",58904,"MD","Electric utility non-cogen","WT","WND"
"Fox Creek Solar",60624,"NC","Electric utility non-cogen","PV","SUN"
"Foxfire Solar Farm",59563,"NC","Electric utility non-cogen","PV","SUN"
"Francis Scott Key Mall",63253,"MD","Commercial non-cogen","PV","SUN"
"Franklin (NC)",2745,"NC","Electric utility non-cogen","HY","WAT"
"Franklin Milliken",64276,"GA","Electric utility non-cogen","PV","SUN"
"Franklin Solar 2",59579,"NC","Electric utility non-cogen","PV","SUN"
"Franklin Solar, LLC",58802,"NC","Electric utility non-cogen","PV","SUN"
"Franklinton Solar",59708,"NC","Electric utility non-cogen","PV","SUN"
"Frederick County - Landfill",63496,"MD","Electric utility non-cogen","PV","SUN"
"Frederick County LFGTE Facility",57754,"VA","Commercial non-cogen","IC","LFG"
"Freedom Solar",61833,"SC","Electric utility non-cogen","PV","SUN"
"Freeman Avenue",62887,"GA","Electric utility non-cogen","PV","SUN"
"Freemont Solar Center LLC",59912,"NC","Electric utility non-cogen","PV","SUN"
"Freight Line Solar, LLC",63693,"NC","Electric utility","PV","SUN"
"Fremont Farm LLC",59103,"NC","Electric utility non-cogen","PV","SUN"
"Friendship I",66160,"MD","Electric utility non-cogen","PV","SUN"
"Friendship II",66162,"MD","Electric utility non-cogen","PV","SUN"
"Fries Hydroelectric Project",10798,"VA","Electric utility non-cogen","HY","WAT"
"Fuquay Farm",58331,"NC","Electric utility non-cogen","PV","SUN"
"G G Allen",2718,"NC","Electric utility","ST","DFO,BIT"
"G W Ivey",665,"FL","Electric utility","IC","NG,DFO"
"G2 Energy Marion LLC",57128,"FL","Electric utility non-cogen","IC","LFG"
"GKS Solar",59426,"NC","Electric utility non-cogen","PV","SUN"
"GRP Franklin Renewable Energy Facility",60550,"GA","Electric utility non-cogen","ST","WDS"
"GRP Madison Renewable Energy Facility",61213,"GA","Electric utility non-cogen","ST","WDS"
"GRS CMS",55599,"NC","Electric utility non-cogen","GT","LFG"
"GWCC PV Solar Farm",61738,"MD","Electric utility non-cogen","PV","SUN"
"Gaines Solar",62216,"SC","Electric utility non-cogen","PV","SUN"
"Gainey Solar, LLC",60633,"NC","Electric utility non-cogen","PV","SUN"
"Gamble Solar",61127,"NC","Electric utility non-cogen","PV","SUN"
"Gardy's Mill Solar",65016,"VA","Electric utility non-cogen","PV","SUN"
"Garrell Solar Farm",58866,"NC","Electric utility non-cogen","PV","SUN"
"Garrett County - DPU Treatment Plant",60847,"MD","Electric utility non-cogen","PV","SUN"
"Garrison Energy Center LLC",57349,"DE","Electric utility non-cogen","CT,CA","NG,DFO"
"Gary Solar",61942,"SC","Electric utility non-cogen","PV","SUN"
"Garysburg Solar",59641,"NC","Electric utility non-cogen","PV","SUN"
"Gaston",2756,"NC","Electric utility","HY","WAT"
"Gaston County Renewable Energy Center",61758,"NC","Electric utility non-cogen","IC","LFG"
"Gaston II",61961,"SC","Electric utility non-cogen","PV","SUN"
"Gaston Memorial Hospital",57629,"NC","Commercial non-cogen","IC","DFO"
"Gaston Shoals",3258,"SC","Electric utility non-cogen","HY","WAT"
"Gaston Solar",59642,"NC","Electric utility non-cogen","PV","SUN"
"Gaston Solar I - SC",61530,"SC","Electric utility non-cogen","PV","SUN"
"Gaston Solar Power Plant",62669,"NC","Electric utility","PV","SUN"
"Gastonia Prime Power Park",56954,"NC","Electric utility","IC","DFO"
"Gastonia Solar Center",60359,"NC","Electric utility non-cogen","PV","SUN"
"Gastonia, Tulip Drive",56262,"NC","Electric utility","IC","DFO"
"Gates Solar LLC",58673,"NC","Electric utility non-cogen","PV","SUN"
"Gateway Gen",7798,"VA","Electric utility","IC","DFO"
"Gateway Solar",61794,"MD","Electric utility non-cogen","PV","SUN"
"Gauley River Power Partners",56333,"WV","Electric utility non-cogen","HY","WAT"
"General Motors Corp at White Marsh MD",59841,"MD","Electric utility non-cogen","PV","SUN"
"Georgia LFG Oak Grove Plant",61385,"GA","Electric utility non-cogen","IC","NG,LFG"
"Georgia LFG Pine Ridge Plant",61386,"GA","Electric utility non-cogen","IC","LFG"
"Georgia LFG Richland Creek Plant",61387,"GA","Electric utility non-cogen","IC","LFG"
"Georgia Power at Jakin GA PV",61397,"GA","Electric utility non-cogen","PV","SUN"
"Georgia Power at Swainsboro",61459,"GA","Electric utility non-cogen","PV","SUN"
"Georgia Power at Wadley GA",59843,"GA","Electric utility non-cogen","PV","SUN"
"Georgia-Pacific Big Island",50479,"VA","Industrial cogen","HY,ST","NG,WDS,WAT,BLQ,OBS"
"Georgia-Pacific Cedar Springs",54101,"GA","Industrial cogen","ST","NG,DFO,WDS,RFO,BIT,BLQ"
"Georgia-Pacific Palatka Operations",10611,"FL","Industrial cogen","ST","NG,BLQ"
"Germantown Solar, LLC",60480,"NC","Electric utility non-cogen","PV","SUN"
"Ghost Orchid Solar Energy Center",65038,"FL","Electric utility","PV","SUN"
"Gibbons CSG",63089,"MD","Electric utility non-cogen","PV","SUN"
"Gilead",65505,"NC","Electric utility non-cogen","PV","SUN"
"Gladstone Farm",65506,"NC","Electric utility non-cogen","PV","SUN"
"Glen Ferris Hydro",50010,"WV","Industrial non-cogen","HY","WAT"
"Gliden (Op Zone)",64385,"NC","Electric utility non-cogen","PV","SUN"
"Gloucester Solar",63031,"VA","Electric utility","PV","SUN"
"Godwin Drive Plant",7439,"VA","Electric utility","IC","DFO"
"Gold Mine",64412,"SC","Electric utility non-cogen","PV","SUN"
"Goldenrod Solar",61943,"SC","Electric utility non-cogen","PV","SUN"
"Goldfinch",60124,"FL","Electric utility non-cogen","PV","SUN"
"Gordonsville Energy LP",54844,"VA","Electric utility","CT","NG,DFO"
"Graham Solar Center LLC",58957,"NC","Electric utility non-cogen","PV","SUN"
"Grandy PV 1",59518,"NC","Electric utility non-cogen","PV","SUN"
"Grange Hall Solar",61656,"FL","Electric utility","PV","SUN"
"Granite Falls Walmart",56549,"NC","Electric utility","IC","DFO"
"Graniteville Enterprise Division",54462,"GA","Industrial non-cogen","HY","WAT"
"Grant Town Power Plant",10151,"WV","Electric utility non-cogen","ST","NG,WC"
"Granville Solar PV Power Project",58487,"NC","Electric utility non-cogen","PV","SUN"
"Grassfield Solar",64135,"VA","Electric utility","PV","SUN"
"Grasshopper Solar",62813,"VA","Electric utility","PV","SUN"
"Gratis Road Solar Facility",61740,"GA","Electric utility non-cogen","PV","SUN"
"Gravel Neck",7032,"VA","Electric utility","GT","NG,DFO"
"Great Bay Solar 1",59851,"MD","Electric utility non-cogen","PV","SUN"
"Great Falls (SC)",3259,"SC","Electric utility","HY","WAT"
"Green Farm",59148,"NC","Electric utility non-cogen","PV","SUN"
"Greene Durham",64277,"GA","Electric utility non-cogen","PV","SUN"
"Greenland Energy Center",56799,"FL","Electric utility","GT","NG,DFO"
"Greensville County Power Station",59913,"VA","Electric utility","CT","NG"
"Greensville County Solar Project, LLC",63745,"VA","Electric utility non-cogen","PV","SUN"
"Greenville",60512,"GA","Electric utility non-cogen","PV","SUN"
"Grissom Solar, LLC",64450,"NC","Electric utility non-cogen","BA,PV","MWH,SUN"
"Grove",65042,"FL","Electric utility","PV","SUN"
"Grove Solar",60181,"NC","Electric utility non-cogen","PV","SUN"
"Gulf Clean Energy Center",641,"FL","Electric utility","ST,GT","NG,DFO"
"Gulf Coast Solar Center I",59689,"FL","Electric utility non-cogen","PV","SUN"
"Gulf Coast Solar Center II",59690,"FL","Electric utility non-cogen","PV","SUN"
"Gulf Coast Solar Center III",59691,"FL","Electric utility non-cogen","PV","SUN"
"Gulf Power Blue Indigo Energy",63754,"FL","Electric utility","PV","SUN"
"Gunsight Solar, LLC",63813,"SC","Electric utility non-cogen","PV","SUN"
"Gutenberg Solar",63076,"NC","Electric utility","PV","SUN"
"Guyton Community Solar",62392,"GA","Electric utility","PV","SUN"
"H B Robinson",3251,"SC","Electric utility","ST","NUC"
"H L Culbreath Bayside Power Station",7873,"FL","Electric utility","GT,CT,CA","NG"
"HCE Amelia Solar I, LLC",66115,"VA","Electric utility non-cogen","PV","SUN"
"HCE Amelia Solar II, LLC",66116,"VA","Electric utility non-cogen","PV","SUN"
"HCE Johnston I, LLC",60121,"NC","Electric utility non-cogen","PV","SUN"
"HCE Moore I",62539,"NC","Electric utility non-cogen","PV","SUN"
"HCE Powhatan Solar, LLC",66119,"VA","Electric utility non-cogen","PV","SUN"
"HP Hood CT",59860,"VA","Industrial cogen","GT","NG"
"HWY 158 PV",63566,"NC","Electric utility non-cogen","PV","SUN"
"HXNAir Solar One",60209,"NC","Electric utility non-cogen","PV","SUN"
"Hagood",3285,"SC","Electric utility","GT","NG,DFO"
"Haley Solar",61523,"SC","Electric utility non-cogen","PV","SUN"
"Halifax (NC)",58943,"NC","Electric utility non-cogen","PV","SUN"
"Halifax (VA)",50178,"VA","Electric utility non-cogen","HY","WAT"
"Halifax County Biomass",58560,"VA","Electric utility non-cogen","ST","OBL,WDS"
"Hall Solar Energy Storage",64508,"NC","Electric utility","BA,PV","MWH,SUN"
"Hamilton Solar Power Plant",61807,"FL","Electric utility","PV","SUN"
"Hamlet Generating Facility",56292,"NC","Electric utility","GT","NG,DFO"
"Hamlet Solar Energy Storage",64512,"NC","Electric utility","BA,PV","MWH,SUN"
"Hammock Solar",61024,"FL","Electric utility","PV","SUN"
"Hampton Solar 2",61498,"SC","Electric utility non-cogen","PV","SUN"
"Hampton Solar I",61325,"SC","Electric utility non-cogen","PV","SUN"
"Hanover Solar, LLC",61877,"NC","Electric utility non-cogen","PV","SUN"
"Happy Solar",59512,"NC","Electric utility non-cogen","PV","SUN"
"Hardee Power Station",50949,"FL","Electric utility non-cogen","GT,CT,CA","NG,DFO"
"Hardeetown Solar Power Plant",65173,"FL","Electric utility","PV","SUN"
"Hardison Farm Solar, LLC",60415,"NC","Electric utility non-cogen","PV","SUN"
"Harmony Solar (FL)",63582,"FL","Electric utility non-cogen","PV","SUN"
"Harrell's Hill Solar Center LLC",59337,"NC","Electric utility non-cogen","PV","SUN"
"Harris (NC)",6015,"NC","Electric utility","ST","NUC"
"Harris Shiloh",64585,"GA","Electric utility non-cogen","PV","SUN"
"Harrison Solar, LLC",63975,"NC","Electric utility non-cogen","PV","SUN"
"Harts Mill Solar, LLC",64144,"NC","Electric utility non-cogen","PV","SUN"
"Hartwell Energy Facility",54538,"GA","Electric utility","GT","NG,DFO"
"Hartwell Lake",754,"GA","Electric utility","HY","WAT"
"Harvest Beulaville, LLC",63299,"NC","Electric utility non-cogen","PV","SUN"
"Havre de Grace II - E at Perryman",60708,"MD","Electric utility non-cogen","PV","SUN"
"Haw River Hydro",10258,"NC","Electric utility non-cogen","HY","WAT"
"Hawk Road Facility",55141,"GA","Electric utility","GT","NG"
"Hawks Nest Hydro",50011,"WV","Industrial non-cogen","HY","WAT"
"Hawtree Solar",62951,"NC","Electric utility non-cogen","PV","SUN"
"Hay Road",7153,"DE","Electric utility non-cogen","CT,CA","NG,DFO"
"Hayes Solar, LLC",63974,"NC","Electric utility non-cogen","PV","SUN"
"Haynes Farm",58332,"NC","Electric utility non-cogen","PV","SUN"
"Haywood Farm Solar, LLC",61255,"NC","Electric utility non-cogen","PV","SUN"
"Hazlehurst II",60554,"GA","Electric utility non-cogen","PV","SUN"
"Hazlehurst III",62057,"GA","Electric utility non-cogen","PV","SUN"
"Hecate Energy Blair Road LLC",62778,"FL","Electric utility non-cogen","PV","SUN"
"Hecate Energy Cherrydale LLC",61375,"VA","Electric utility non-cogen","PV","SUN"
"Hecate Energy Clarke County LLC",61374,"VA","Electric utility non-cogen","PV","SUN"
"Hecate Energy West Newberry, LLC",64061,"SC","Electric utility non-cogen","PV","SUN"
"Hector Farm",60577,"NC","Electric utility non-cogen","PV","SUN"
"Heedeh Solar",60157,"NC","Electric utility non-cogen","PV","SUN"
"Hemings Solar",66996,"VA","Electric utility non-cogen","PV","SUN"
"Hemlock Solar",60207,"NC","Electric utility non-cogen","PV","SUN"
"Henrico",57356,"VA","Electric utility non-cogen","IC","DFO,LFG"
"Henry Farm",65552,"NC","Electric utility non-cogen","PV","SUN"
"Herbert A Wagner",1554,"MD","Electric utility non-cogen","ST,GT","NG,DFO,RFO,BIT"
"Herbert Farm Solar",58463,"MD","Electric utility","PV","SUN"
"Hernando",61779,"FL","Electric utility non-cogen","IC","LFG"
"Hertford Solar Farm",60384,"NC","Electric utility non-cogen","PV","SUN"
"Hertford Solar Power, LLC",63024,"NC","Electric utility non-cogen","PV","SUN"
"Hew Fulton Farm, LLC",60778,"NC","Electric utility non-cogen","PV","SUN"
"Hibiscus Solar Energy Center",62206,"FL","Electric utility","PV","SUN"
"Hickory",59829,"NC","Electric utility non-cogen","PV","SUN"
"Hickory Park Solar Hybrid",63522,"GA","Electric utility non-cogen","BA,PV","MWH,SUN"
"Hickson Solar, LLC",65779,"SC","Electric utility non-cogen","PV","SUN"
"High Point, Fairfield",56059,"NC","Electric utility","IC","DFO"
"High Point, POLO",57196,"NC","Electric utility","IC","DFO"
"High Point, Pump Station Rd",56260,"NC","Electric utility","IC","DFO"
"High Rock Hydro",54896,"NC","Electric utility","HY","WAT"
"High Shoals Hydro (GA)",10121,"GA","Electric utility non-cogen","HY","WAT"
"High Shoals Hydro (NC)",10550,"NC","Electric utility non-cogen","HY","WAT"
"High Shoals PV1",59997,"NC","Electric utility non-cogen","PV","SUN"
"High Springs Solar Power Plant",65172,"FL","Electric utility","PV","SUN"
"Highest Power Solar, LLC",63812,"NC","Electric utility non-cogen","PV","SUN"
"Highland Solar Center LLC",59163,"NC","Electric utility non-cogen","PV","SUN"
"Highlander Solar Energy Station 1",62014,"VA","Electric utility non-cogen","PV","SUN"
"Highwater Solar I",59487,"NC","Electric utility non-cogen","PV","SUN"
"Hildreth Solar Power Plant",65170,"FL","Electric utility","PV","SUN"
"Hillsborough County Resource Recovery",50858,"FL","Commercial non-cogen","ST","MSB,MSN"
"Hilton Head",3318,"SC","Electric utility","GT","DFO"
"Hines Energy Complex",7302,"FL","Electric utility","CT,CA","NG"
"Hiwassee Dam",2780,"NC","Electric utility","HY","WAT"
"Hobnail Solar",66026,"GA","Electric utility non-cogen","PV","SUN"
"Hollidays Bridge Hydro",3261,"SC","Electric utility non-cogen","HY","WAT"
"Hollins Ferry CSG",65324,"MD","Electric utility non-cogen","PV","SUN"
"Holly Spring Meadows",66819,"MD","Electric utility non-cogen","PV","SUN"
"Holly Swamp Solar, LLC",63695,"NC","Electric utility","PV","SUN"
"Hollyfield",61023,"VA","Electric utility","PV","SUN"
"Holstein Plant",58623,"NC","Electric utility non-cogen","PV","SUN"
"Honea Path",56132,"SC","Electric utility","IC","DFO"
"Hood Farm Solar, LLC",61256,"NC","Electric utility non-cogen","PV","SUN"
"Hopewell Cogeneration",10633,"VA","Electric utility cogen","CT,CA","NG,DFO"
"Hopewell Friends",61883,"NC","Electric utility non-cogen","PV","SUN"
"Hopewell Mill",50813,"VA","Industrial cogen","ST","NG,WDS,RFO,BIT,BLQ"
"Hopewell Power Station",10771,"VA","Electric utility","ST","NG,WDS"
"Horizon Solar Energy Center",61021,"FL","Electric utility","PV","SUN"
"Horry Land Fill Gas Site",7958,"SC","Electric utility","IC","LFG"
"Hostetter Solar One, LLC",64608,"MD","Electric utility non-cogen","PV","SUN"
"Hot Springs Energy Storage & Microgrid",64640,"NC","Electric utility","PV,BA","MWH,SUN"
"Howell Midland Farm, LLC",60312,"NC","Electric utility non-cogen","PV","SUN"
"Hubble Solar, LLC",66989,"NC","Electric utility non-cogen","PV","SUN"
"Huntersville Delivery No 2",56550,"NC","Electric utility","IC","DFO"
"Huntley",63271,"SC","Electric utility non-cogen","PV","SUN"
"Husky Solar",59510,"NC","Electric utility non-cogen","PV","SUN"
"Hutchinson Farm",59564,"NC","Electric utility non-cogen","PV","SUN"
"I 95 Landfill Phase II",54723,"VA","Electric utility non-cogen","IC","LFG"
"IGS CC, LLC",63428,"DC","Electric utility non-cogen","PV","SUN"
"IGS Solar I - BWI2",61465,"MD","Electric utility non-cogen","PV","SUN"
"IGS Solar I - BWI5",61358,"MD","Electric utility non-cogen","PV","SUN"
"IKEA College Park 411",58015,"MD","Commercial non-cogen","PV","SUN"
"IKEA Jacksonville Rooftop PV System",61821,"FL","Commercial non-cogen","PV","SUN"
"IKEA Miami 327",61173,"FL","Commercial non-cogen","PV","SUN"
"IKEA Norfolk Rooftop PV System",62355,"VA","Commercial non-cogen","PV","SUN"
"IKEA Perryville 460",58014,"MD","Commercial non-cogen","PV","SUN"
"IKEA Savannah 490",58011,"GA","Commercial non-cogen","PV","SUN"
"IKEA Tampa 042",58012,"FL","Commercial non-cogen","PV","SUN"
"Imeson Solar",63186,"FL","Electric utility non-cogen","PV","SUN"
"Immokalee",65040,"FL","Electric utility","PV","SUN"
"Imperial Savannah LP",50146,"GA","Industrial cogen","ST","NG,BIT"
"Indian River Generating Station",594,"DE","Electric utility non-cogen","GT,ST","DFO,BIT"
"Indian River Plant",683,"FL","Electric utility","GT","NG,DFO"
"Indian River Solar Center",61020,"FL","Electric utility","PV","SUN"
"Ingredion Winston Salem",54618,"NC","Industrial cogen","ST","NG,WDS,BIT"
"Inland Paperboard Packaging Rome",10426,"GA","Industrial cogen","ST","NG,WDS,RFO,BLQ,OTH"
"Innovative Solar 10",60050,"NC","Electric utility non-cogen","PV","SUN"
"Innovative Solar 14, LLC",59553,"NC","Electric utility non-cogen","PV","SUN"
"Innovative Solar 15, LLC",59554,"NC","Electric utility non-cogen","PV","SUN"
"Innovative Solar 16",60055,"NC","Electric utility non-cogen","PV","SUN"
"Innovative Solar 18, LLC",60051,"NC","Electric utility non-cogen","PV","SUN"
"Innovative Solar 23",59670,"NC","Electric utility non-cogen","PV","SUN"
"Innovative Solar 26, LLC",60052,"NC","Electric utility non-cogen","PV","SUN"
"Innovative Solar 31",60540,"NC","Electric utility non-cogen","PV","SUN"
"Innovative Solar 35, LLC",61258,"NC","Electric utility non-cogen","PV","SUN"
"Innovative Solar 37 LLC",59665,"NC","Electric utility non-cogen","PV","SUN"
"Innovative Solar 42",60539,"NC","Electric utility non-cogen","PV","SUN"
"Innovative Solar 43, LLC",60149,"NC","Electric utility non-cogen","PV","SUN"
"Innovative Solar 44",59675,"NC","Electric utility non-cogen","PV","SUN"
"Innovative Solar 46",59671,"NC","Electric utility non-cogen","PV","SUN"
"Innovative Solar 47",59666,"NC","Electric utility non-cogen","PV","SUN"
"Innovative Solar 48",59667,"NC","Electric utility non-cogen","PV","SUN"
"Innovative Solar 54",59669,"NC","Electric utility non-cogen","PV","SUN"
"Innovative Solar 55",59676,"NC","Electric utility non-cogen","PV","SUN"
"Innovative Solar 59, LLC",61259,"NC","Electric utility non-cogen","PV","SUN"
"Innovative Solar 6",59542,"NC","Electric utility non-cogen","PV","SUN"
"Innovative Solar 60, LLC",61260,"NC","Electric utility non-cogen","PV","SUN"
"Innovative Solar 63, LLC",60053,"NC","Electric utility non-cogen","PV","SUN"
"Innovative Solar 64",59677,"NC","Electric utility non-cogen","PV","SUN"
"Innovative Solar 65",60398,"NC","Electric utility non-cogen","PV","SUN"
"Innovative Solar 67",59678,"NC","Electric utility non-cogen","PV","SUN"
"Inst and Envir Dir Marine Logistics Base",66190,"GA","Electric utility cogen","IC","LFG"
"Intercession City",8049,"FL","Electric utility","GT","NG,DFO"
"International Paper Co. - New Bern Mill",50188,"NC","Industrial cogen","ST","NG,BLQ"
"International Paper Franklin Mill",52152,"VA","Industrial cogen","ST","NG,BLQ"
"International Paper Georgetown Mill",54087,"SC","Industrial cogen","ST","NG,WDS,TDF,RFO,BIT,BLQ"
"International Paper Pensacola",50250,"FL","Industrial cogen","ST","NG,WDS,BLQ"
"International Paper Riegelwood Mill",54656,"NC","Industrial cogen","ST","NG,BLQ"
"International Paper Savanna Mill",50398,"GA","Industrial cogen","ST","NG,WDS,BLQ"
"Interstate Paper LLC Riceboro",54281,"GA","Industrial cogen","ST","NG,WDS,BLQ"
"Interstate Solar Energy Center",61768,"FL","Electric utility","PV","SUN"
"Iredell County LFG Facility",56962,"NC","Electric utility non-cogen","IC","LFG"
"J D Kennedy",666,"FL","Electric utility","GT","NG,DFO"
"J Strom Thurmond",3323,"SC","Electric utility","HY","WAT"
"J Woodruff",690,"FL","Electric utility","HY","WAT"
"JBAB - Washington DC",62374,"DC","Electric utility non-cogen","PV","SUN"
"JED Solid Waste Mgmt Renewable Energy",60701,"FL","Electric utility non-cogen","IC","LFG"
"Jack McDonough",710,"GA","Electric utility","GT,CT,CA","NG,DFO"
"Jackson Solar Farm",61292,"NC","Electric utility non-cogen","PV","SUN"
"Jacksonville Solar",57202,"FL","Electric utility non-cogen","PV","SUN"
"Jacob Solar",59503,"NC","Electric utility non-cogen","PV","SUN"
"Jakana Solar",59170,"NC","Electric utility non-cogen","PV","SUN"
"James E. Rogers Energy Complex",2721,"NC","Electric utility","ST","NG,DFO,BIT"
"Jamesville Road Solar, LLC",62329,"NC","Electric utility non-cogen","PV","SUN"
"Jamison Solar (FL)",64631,"FL","Electric utility","PV","SUN"
"Jamison Solar Farm",62396,"SC","Electric utility","PV","SUN"
"Jasper",55927,"SC","Electric utility","CT,CA","NG,DFO"
"Jax LNG",66392,"FL","Commercial non-cogen","IC","NG"
"Jefferies",3319,"SC","Electric utility","HY","WAT"
"Jefferson Solar (SC)",62233,"SC","Electric utility non-cogen","PV","SUN"
"Jersey Holdings",60784,"NC","Electric utility non-cogen","PV","SUN"
"Jessamine Solar",61944,"SC","Electric utility non-cogen","PV","SUN"
"Jester Solar",60290,"NC","Electric utility non-cogen","PV","SUN"
"Jesup Plant",10560,"GA","Industrial cogen","ST","NG,WDS,RFO,BLQ"
"Jocassee",3262,"SC","Electric utility","PS","WAT"
"John E Amos",3935,"WV","Electric utility","ST","DFO,BIT"
"John H Kerr",3833,"VA","Electric utility","HY","WAT"
"John Hopkins Middle School Microgrid",64752,"FL","Electric utility","PV","SUN"
"John R Kelly",664,"FL","Electric utility","CT,CA","NG"
"John S Rainey",7834,"SC","Electric utility","GT,CT,CA","NG"
"Jordan Hydroelectric Project",58390,"NC","Electric utility non-cogen","HY","WAT"
"Juniper Solar (FL)",65683,"FL","Electric utility","PV","SUN"
"KDC Solar CV Animal Control LLC",66655,"MD","Electric utility non-cogen","PV","SUN"
"KDC Solar CV Ascend One LLC",66652,"MD","Electric utility non-cogen","PV","SUN"
"KDC Solar CV Cedar Lane Park LLC",66653,"MD","Electric utility non-cogen","PV","SUN"
"KDC Solar CV Central MD Regional Transit",66654,"MD","Electric utility non-cogen","PV","SUN"
"KDC Solar CV O'Donnell Property LLC",66656,"MD","Electric utility non-cogen","PV","SUN"
"KDC Solar TC Blandair Park LLC",65984,"MD","Electric utility non-cogen","PV","SUN"
"KDC Solar TC George Howard LLC",65983,"MD","Electric utility non-cogen","PV","SUN"
"KDC Solar TC Little Patuxent WWTP LLC",65982,"MD","Electric utility non-cogen","PV","SUN"
"Kalish Farm Solar",65553,"NC","Electric utility non-cogen","PV","SUN"
"KapStone Kraft Paper Corp",50254,"NC","Industrial cogen","ST","NG,DFO,WDS,RFO,BIT,BLQ"
"Kapstone",7737,"SC","Electric utility cogen","ST","DFO,WDS,BIT,BLQ"
"Kathleen Solar",60180,"NC","Electric utility non-cogen","PV","SUN"
"Keen Farm",59565,"NC","Electric utility non-cogen","PV","SUN"
"Kelford (Cypress)",59796,"NC","Electric utility non-cogen","PV","SUN"
"Kelford (Duke)",59527,"NC","Electric utility non-cogen","PV","SUN"
"Kelly Solar, LLC",61219,"NC","Electric utility non-cogen","PV","SUN"
"Kenansville",59051,"NC","Electric utility non-cogen","PV","SUN"
"Kenansville Solar 2, LLC",58803,"NC","Electric utility non-cogen","PV","SUN"
"Kenansville Solar Farm, LLC",58840,"NC","Electric utility non-cogen","PV","SUN"
"Kendall Farm",65554,"NC","Electric utility non-cogen","PV","SUN"
"Kennedy Solar, LLC",60397,"NC","Electric utility non-cogen","PV","SUN"
"Kenneth Solar",59507,"NC","Electric utility non-cogen","PV","SUN"
"Kent County - Worton Complex",58243,"MD","Electric utility non-cogen","PV","SUN"
"Kent County Wastewater Treatment Solar",57330,"DE","Electric utility non-cogen","PV","SUN"
"Kent County-Kennedyville",58239,"MD","Electric utility non-cogen","PV","SUN"
"Keowee",6517,"SC","Electric utility","HY","WAT"
"Keys Energy Center",60302,"MD","Electric utility non-cogen","CT,CA","NG"
"Kimberly-Clark Solar",62960,"GA","Electric utility non-cogen","PV","SUN"
"King & Queen",56686,"VA","Electric utility non-cogen","IC","DFO,LFG"
"King Mill",61000,"GA","Industrial non-cogen","HY","WAT"
"Kings Bay Solar Facility",59864,"GA","Electric utility","PV","SUN"
"Kings Mountain Energy Center",59325,"NC","Electric utility non-cogen","CT,CA","NG"
"Kinston",59125,"NC","Electric utility non-cogen","PV","SUN"
"Kinston Davis Farm",61090,"NC","Electric utility non-cogen","PV","SUN"
"Kinston Solar",59832,"NC","Electric utility non-cogen","PV","SUN"
"Kirby Road Solar, LLC",64602,"MD","Electric utility non-cogen","PV","SUN"
"Kirkwall Holdings",58791,"NC","Electric utility non-cogen","PV","SUN"
"Kojak Farm",60578,"NC","Electric utility non-cogen","PV","SUN"
"L V Sutton Combined Cycle",58697,"NC","Electric utility","GT,CT,CA","NG,DFO"
"LKL BLBD, LLC",59611,"FL","Electric utility non-cogen","PV","SUN"
"Ladysmith",7839,"VA","Electric utility","GT","NG,DFO"
"Lafayette Solar I, LLC",60105,"NC","Electric utility non-cogen","PV","SUN"
"Lake Blackshear Project",752,"GA","Electric utility","HY","WAT"
"Lake Hancock Solar",61657,"FL","Electric utility","PV","SUN"
"Lake Lure",2773,"NC","Electric utility non-cogen","HY","WAT"
"Lake Mabel Solar and Battery Storage",66128,"FL","Electric utility","PV","SUN"
"Lake Placid Solar Power Plant",62541,"FL","Electric utility","PV,BA","MWH,SUN"
"Lakeland Electric Co. (FL) - Airport II",59754,"FL","Electric utility non-cogen","PV","SUN"
"Lakeland Electric Co. (FL)-Airport 1",59744,"FL","Electric utility non-cogen","PV","SUN"
"Lakeland Solar Energy LLC",58572,"GA","Electric utility non-cogen","PV","SUN"
"Lakeside Solar Center",62922,"FL","Electric utility","PV","SUN"
"Lancaster Solar GA",64150,"GA","Electric utility non-cogen","PV","SUN"
"Landis Delivery No 2",56551,"NC","Electric utility","IC","DFO"
"Landrace Holdings, LLC",65955,"SC","Electric utility non-cogen","PV","SUN"
"Lane II Solar, LLC",63837,"NC","Electric utility non-cogen","PV","SUN"
"Lane Solar",62104,"NC","Electric utility non-cogen","PV","SUN"
"Lang Solar Farm",63449,"NC","Electric utility non-cogen","PV","SUN"
"Langdon Solar Farm, LLC",60538,"NC","Electric utility non-cogen","PV","SUN"
"Langley PV1",59158,"NC","Electric utility non-cogen","PV","SUN"
"Lanier Solar",59486,"NC","Electric utility non-cogen","PV","SUN"
"Lansing Smith",643,"FL","Electric utility","CT,CA","NG"
"Laredo Bus Facility Solar Canopies",58064,"GA","Commercial non-cogen","PV","SUN"
"Larsen Memorial",675,"FL","Electric utility","CT,CA","NG,DFO"
"Lauderdale",613,"FL","Electric utility","GT","NG,DFO"
"Laurel Mountain Hybrid",57447,"WV","Electric utility non-cogen","WT,BA","MWH,WND"
"Laurel Oaks Solar",65684,"FL","Electric utility","PV","SUN"
"Laurinburg Farm",61091,"NC","Electric utility non-cogen","PV","SUN"
"Laurinburg Solar",59833,"NC","Electric utility non-cogen","PV","SUN"
"Laurinburg Solar, LLC (Heelstone)",60200,"NC","Electric utility non-cogen","PV","SUN"
"Lee Combined Cycle Plant",58215,"NC","Electric utility","CT,CA","NG,DFO"
"Lee County Landfill",56120,"SC","Electric utility","IC","LFG"
"Lee County Solid Waste Energy",52010,"FL","Electric utility non-cogen","ST","MSB,MSN,PG"
"Leesville",3777,"VA","Electric utility","HY","WAT"
"Leggett Solar, LLC",60783,"NC","Electric utility non-cogen","PV","SUN"
"Legoland Solar",60371,"FL","Electric utility","PV","SUN"
"Lenoir Farm",58333,"NC","Electric utility non-cogen","PV","SUN"
"Lenoir Farm 2",58334,"NC","Electric utility non-cogen","PV","SUN"
"Lewiston Solar",59174,"NC","Electric utility non-cogen","PV","SUN"
"Lexington",56261,"NC","Electric utility","IC","DFO"
"Lexington Health Center",56067,"NC","Electric utility","IC","DFO"
"Lick Creek Solar, LLC",63811,"NC","Electric utility non-cogen","PV","SUN"
"Lillington Solar",59921,"NC","Electric utility non-cogen","PV","SUN"
"Lily Solar",63548,"SC","Electric utility non-cogen","PV","SUN"
"Limelight Solar I, LLC",65818,"SC","Electric utility non-cogen","PV","SUN"
"Limelight Solar II LLC",63241,"SC","Electric utility non-cogen","PV","SUN"
"Limelight Solar III, LLC",66005,"SC","Electric utility non-cogen","PV","SUN"
"Lincoln Combustion",7277,"NC","Electric utility","GT","NG,DFO"
"Lincoln Solar, LLC (NC)",60399,"NC","Electric utility non-cogen","PV","SUN"
"Lincolnton High School",56341,"NC","Electric utility","IC","DFO"
"Lithia Solar",61663,"FL","Electric utility","PV","SUN"
"Little Manatee River Solar",62750,"FL","Electric utility","PV","SUN"
"Little River PV 1",59521,"NC","Electric utility non-cogen","PV","SUN"
"Littlefield Solar Center LLC",58809,"NC","Electric utility non-cogen","PV","SUN"
"Live Oak Solar, LLC",60063,"GA","Electric utility non-cogen","PV","SUN"
"Lloyd Shoals",712,"GA","Electric utility","HY","WAT"
"Lockhart",3275,"SC","Electric utility","HY","WAT"
"Lockheed Martin Solar",61694,"FL","Industrial non-cogen","IC,PV","DFO,SUN"
"Lockheed Martin Solar System",59867,"FL","Electric utility non-cogen","PV","SUN"
"Lockville Hydropower",10051,"NC","Electric utility non-cogen","HY","WAT"
"Loggerhead Solar Energy Center",61052,"FL","Electric utility","PV","SUN"
"London",6560,"WV","Electric utility","HY","WAT"
"Long Creek Waste Water Plant",57630,"NC","Commercial non-cogen","IC","DFO"
"Long Farm 46 Solar, LLC",60208,"NC","Electric utility non-cogen","PV","SUN"
"Long Henry Solar",61347,"NC","Electric utility non-cogen","PV","SUN"
"Longview Power Plant",56671,"WV","Electric utility non-cogen","ST","NG,BIT"
"Longview Solar",60735,"MD","Electric utility non-cogen","PV","SUN"
"Lookout Shoals",2726,"NC","Electric utility","HY","WAT"
"Lotus",64173,"NC","Electric utility non-cogen","PV","SUN"
"Louisa Generation Facility",7837,"VA","Electric utility","GT","NG,DFO"
"Low Moor",3799,"VA","Electric utility","GT","DFO"
"Lowe Solar Energy Storage",64516,"NC","Electric utility","BA,PV","MWH,SUN"
"Lowndes Cowart",67240,"GA","Electric utility non-cogen","PV","SUN"
"Lowndes IDA",64278,"GA","Electric utility non-cogen","PV","SUN"
"Lowndes Tycor Farms",64279,"GA","Electric utility non-cogen","PV","SUN"
"Ludie Brown Solar Energy Storage",64514,"NC","Electric utility","BA,PV","MWH,SUN"
"Luray Hydro Station",3789,"VA","Electric utility non-cogen","HY","WAT"
"Lux Solar, LLC",61284,"NC","Electric utility non-cogen","PV","SUN"
"MAS ASB Cogen Plant",58484,"GA","Industrial cogen","IC","NG,LFG"
"MC1 Solar",60395,"NC","Electric utility non-cogen","PV","SUN"
"MCLB Landfill Gas to Energy",59335,"GA","Electric utility cogen","IC","LFG"
"MCRD Parris Island PV Hybrid",61956,"SC","Electric utility non-cogen","IC,GT,BA,PV","MWH,NG,SUN,DFO"
"MD - CS - BGE - PR24 TPE",65340,"MD","Electric utility non-cogen","PV","SUN"
"MD - CS - Potomac Edison Co - GA25 TPE (",65339,"MD","Electric utility non-cogen","PV","SUN"
"MD - CS - Potomac Edison Co - GA29 TPE",64180,"MD","Electric utility non-cogen","PV","SUN"
"MD - PR97 (CSG)",64689,"MD","Electric utility non-cogen","PV","SUN"
"MEBA",60496,"MD","Electric utility non-cogen","PV","SUN"
"MM Prince William Energy",55156,"VA","Electric utility non-cogen","IC","LFG"
"MNCPPC Germantown Solar",62910,"MD","Electric utility non-cogen","PV","SUN"
"MNCPPC Randall Farm",64604,"MD","Electric utility non-cogen","PV","SUN"
"MO32 (CSG)",65610,"MD","Electric utility non-cogen","PV","SUN"
"MO33 CSG",65611,"MD","Electric utility non-cogen","PV","SUN"
"MPC Generating",7764,"GA","Electric utility non-cogen","GT","NG,DFO"
"Macy's MD Joppa Solar Project",62323,"MD","Commercial non-cogen","PV","SUN"
"Magdaline Solar, LLC",65782,"SC","Electric utility non-cogen","PV","SUN"
"Magnolia Solar",64657,"FL","Electric utility","PV","SUN"
"Magnolia Springs Solar Center",62915,"FL","Electric utility","PV","SUN"
"Maiden Community Center",56342,"NC","Electric utility","IC","DFO"
"Maiden Creek Solar Power Plant",62668,"NC","Electric utility","PV","SUN"
"Manatee",6042,"FL","Electric utility","ST,CT,CA","NG"
"Manatee Solar Energy Center",60014,"FL","Electric utility","BA,PV","MWH,SUN"
"Manning PV 1",59520,"NC","Electric utility non-cogen","PV","SUN"
"Manway Solar Farm",59575,"NC","Electric utility non-cogen","PV","SUN"
"Maplewood Solar",65319,"VA","Electric utility","PV","SUN"
"Marathon Generating Plant",696,"FL","Electric utility","IC","DFO"
"Marine Corps Logistics Base Solar",59876,"GA","Electric utility","PV","SUN"
"Mariposa Solar Center LLC",59162,"NC","Electric utility non-cogen","PV","SUN"
"Market Farm",59105,"NC","Electric utility non-cogen","PV","SUN"
"Marlboro Mill",57470,"SC","Industrial cogen","ST","NG,WDS,BLQ"
"Marmet",6561,"WV","Electric utility","HY","WAT"
"Marsh Run Generation Facility",7836,"VA","Electric utility","GT","NG,DFO"
"Marshall (NC)",2727,"NC","Electric utility","ST","NG,DFO,BIT"
"Marshall Dam",2710,"NC","Electric utility","HY","WAT"
"Marshall Solar",62238,"SC","Electric utility non-cogen","PV","SUN"
"Marshville Farm",58335,"NC","Electric utility non-cogen","PV","SUN"
"Martin",6043,"FL","Electric utility","CT,CA","NG,DFO"
"Martin Creek Farm LLC",59124,"NC","Electric utility non-cogen","PV","SUN"
"Martin Solar Center",61458,"VA","Electric utility non-cogen","PV","SUN"
"Martins Creek Solar NC, LLC",57461,"NC","Electric utility non-cogen","PV","SUN"
"Martinsville",3826,"VA","Electric utility","HY","WAT"
"Martinsville LFG Generator",57893,"VA","Electric utility","IC","NG"
"Maryland Bioenergy Center (Jessup)",64241,"MD","Industrial cogen","GT","NG"
"Maryland Solar",58408,"MD","Electric utility non-cogen","PV","SUN"
"Mas Durham Power, LLC",57365,"NC","Electric utility non-cogen","IC","LFG"
"Mason Solar One LLC",64645,"MD","Electric utility non-cogen","PV","SUN"
"Maxton Solar, LLC",60416,"NC","Electric utility non-cogen","PV","SUN"
"Mayberry Solar LLC",57321,"NC","Electric utility non-cogen","PV","SUN"
"Mayo",6250,"NC","Electric utility","ST","DFO,BIT"
"McCallum Farm",58350,"NC","Electric utility non-cogen","PV","SUN"
"McCleskey Cotton",62878,"GA","Electric utility non-cogen","PV","SUN"
"McCormick & Co. Inc. at Belcamp",57646,"MD","Electric utility non-cogen","PV","SUN"
"McGoogan Farm, LLC",60779,"NC","Electric utility non-cogen","PV","SUN"
"McGrigor Farm Solar",60440,"NC","Electric utility non-cogen","PV","SUN"
"McGuire",6038,"NC","Electric utility","ST","NUC"
"McIntosh",6124,"GA","Electric utility","GT","NG,DFO"
"McIntosh Combined Cycle Facility",56150,"GA","Electric utility","CT,CA","NG"
"McKay Bay Facility",50875,"FL","Electric utility non-cogen","ST","MSB,MSN"
"McKenzie Farm",58853,"NC","Electric utility non-cogen","PV","SUN"
"McLean Homestead",60020,"NC","Electric utility non-cogen","PV","SUN"
"McManus",715,"GA","Electric utility","IC,GT","DFO"
"McMeekin",3287,"SC","Electric utility","ST","NG"
"Meadowbrook Solar Farm",59936,"NC","Electric utility non-cogen","PV","SUN"
"Meadowlark Solar",64117,"NC","Electric utility non-cogen","PV","SUN"
"Meadows PV 1",59513,"NC","Electric utility non-cogen","PV","SUN"
"Mechanicsville Solar",64158,"VA","Electric utility non-cogen","PV","SUN"
"Meeks Solar, LLC",63267,"NC","Electric utility non-cogen","PV","SUN"
"Meeting House",67397,"MD","Electric utility non-cogen","PV","SUN"
"Meherrin Solar",62758,"VA","Electric utility","PV","SUN"
"Melinda Solar",59502,"NC","Electric utility non-cogen","PV","SUN"
"Merck",59905,"VA","Electric utility","PV","SUN"
"Meriwether Farm",60579,"NC","Electric utility non-cogen","PV","SUN"
"Meriwether Jackson",64280,"GA","Electric utility non-cogen","PV","SUN"
"Metropolitan Sewerage District",10181,"NC","Commercial non-cogen","HY","WAT"
"Miami Dade County Resource Recovery Fac",10062,"FL","Electric utility non-cogen","ST","MSB,NG,MSN"
"Miami Dade Solar Energy Center",61766,"FL","Electric utility","PV","SUN"
"Mid-Georgia Cogeneration Facility",55040,"GA","Electric utility cogen","CT,CA","NG,DFO"
"Midlands",63839,"SC","Electric utility non-cogen","PV","SUN"
"Midulla Generating Station",7380,"FL","Electric utility","GT,CT,CA","NG,DFO"
"Midway Green Solar",65389,"SC","Electric utility non-cogen","PV","SUN"
"Mile Farm",58336,"NC","Electric utility non-cogen","PV","SUN"
"Milford Solar Farm",58228,"DE","Electric utility non-cogen","PV","SUN"
"Mill Creek (SC)",7981,"SC","Electric utility","GT","NG,DFO"
"Mill Pond Solar Farm, LLC",61196,"NC","Electric utility non-cogen","PV","SUN"
"Mill Pond Solar, LLC",62328,"NC","Electric utility non-cogen","PV","SUN"
"Millers Chapel Solar",66719,"NC","Electric utility non-cogen","PV","SUN"
"Millersville LFG",58246,"MD","Electric utility non-cogen","IC","LFG"
"Millikan Farm",59576,"NC","Electric utility non-cogen","PV","SUN"
"Mills Anson Farm",61093,"NC","Electric utility non-cogen","PV","SUN"
"Millville Hydro Station",6546,"WV","Electric utility non-cogen","HY","WAT"
"Milo Solar",58739,"NC","Electric utility non-cogen","PV","SUN"
"Minnie Solar",58740,"NC","Electric utility non-cogen","PV","SUN"
"Misenheimer Farm",59577,"NC","Electric utility non-cogen","PV","SUN"
"Mission",2746,"NC","Electric utility non-cogen","HY","WAT"
"Mitchell (WV)",3948,"WV","Electric utility","ST","DFO,BIT"
"Mocksville Farm",58313,"NC","Electric utility non-cogen","PV","SUN"
"Mocksville Solar",59570,"NC","Electric utility","PV","SUN"
"Modlin Solar Farm",60417,"NC","Electric utility non-cogen","PV","SUN"
"Moffett Solar Project",60658,"SC","Electric utility non-cogen","PV","SUN"
"Mohea Solar Energy Center, LLC",63463,"SC","Electric utility non-cogen","PV","SUN"
"Molson Coors Shenandoah Brewery",58057,"VA","Industrial non-cogen","GT","OBG"
"Moncure Farm LLC",59123,"NC","Electric utility non-cogen","PV","SUN"
"Monroe Generating Station",57505,"NC","Electric utility","GT","NG,DFO"
"Monroe Middle School",56343,"NC","Electric utility","IC","DFO"
"Monroe Moore Farm",59578,"NC","Electric utility non-cogen","PV","SUN"
"Monroe Solar",66997,"VA","Electric utility non-cogen","PV","SUN"
"Monroe Solar Facility",60383,"NC","Electric utility","PV","SUN"
"Monterey Diesel Generation Facility",59614,"VA","Electric utility","IC","DFO"
"Montgomery County Correctional Facility",60820,"MD","Electric utility non-cogen","PV","SUN"
"Montgomery County Resource Recovery",50657,"MD","Electric utility non-cogen","ST","MSB,NG,MSN"
"Montgomery County Solar",61608,"MD","Commercial non-cogen","PV","SUN"
"Montgomery Solar LLC",58649,"NC","Electric utility non-cogen","PV","SUN"
"Montross Solar",64093,"VA","Electric utility","PV","SUN"
"Moody Air Force Base Solar",62377,"GA","Electric utility","PV","SUN"
"Moore Solar",64193,"NC","Electric utility non-cogen","PV","SUN"
"Moore Solar Farm",58337,"NC","Electric utility non-cogen","PV","SUN"
"Moorings Farm",58338,"NC","Electric utility non-cogen","PV","SUN"
"Moorings Farm 2, LLC",61405,"NC","Electric utility non-cogen","PV","SUN"
"Morgan Falls",717,"GA","Electric utility","HY","WAT"
"Morgan Farm, LLC",60133,"NC","Electric utility non-cogen","PV","SUN"
"Morgan's Corner",60422,"NC","Electric utility","PV","SUN"
"Morganton Station 5",56344,"NC","Electric utility","IC","DFO"
"Morganton, Parker Road",56064,"NC","Electric utility","IC","DFO"
"Morgantown Generating Plant",1573,"MD","Electric utility non-cogen","GT","DFO"
"Morning View",61881,"NC","Electric utility non-cogen","PV","SUN"
"Mosaic Co Bartow Facility",50633,"FL","Industrial cogen","ST","WH"
"Mosaic Co Tampa Facility",10204,"FL","Industrial cogen","ST","OTH"
"Mosaic New Wales Operations",10434,"FL","Industrial cogen","ST","WH"
"Mosaic South Pierce Operations",10004,"FL","Industrial cogen","ST","WH"
"Mount Clinton",56004,"VA","Electric utility","IC,GT","DFO"
"Mount Olive Farm",59107,"NC","Electric utility non-cogen","PV","SUN"
"Mount Olive Solar",59908,"NC","Electric utility non-cogen","PV","SUN"
"Mount Saint Mary's",57758,"MD","Electric utility non-cogen","PV","SUN"
"Mount Vernon Solar",60585,"GA","Electric utility","PV","SUN"
"Mountain Island",2728,"NC","Electric utility","HY","WAT"
"Mountain View Solar (FL)",61664,"FL","Electric utility","PV","SUN"
"Mountaineer",6264,"WV","Electric utility","ST","DFO,BIT"
"Mountaineer Wind Energy Center",55986,"WV","Electric utility non-cogen","WT","WND"
"Moyer Solar",66487,"NC","Electric utility non-cogen","PV","SUN"
"Mt Olive Farm 2",58345,"NC","Electric utility non-cogen","PV","SUN"
"Mt Olive Solar 1",59645,"NC","Electric utility non-cogen","PV","SUN"
"Mt Storm",3954,"WV","Electric utility","ST,GT","JF,WO,DFO,BIT"
"Mt. Jackson Solar",61318,"VA","Electric utility non-cogen","PV","SUN"
"Mulberry Cogeneration Facility",54426,"FL","Electric utility cogen","CT,CA","NG"
"Mule Farm Solar, LLC",66986,"NC","Electric utility non-cogen","PV","SUN"
"Multitrade Rabun Gap, LLC",50201,"GA","Electric utility non-cogen","ST","WDS"
"Murdock Solar",59509,"NC","Electric utility non-cogen","PV","SUN"
"Murphy Farm Power, LLC",57677,"NC","Electric utility non-cogen","PV","SUN"
"Murray Treadwell Farms",64281,"GA","Electric utility non-cogen","PV","SUN"
"Muscogee Public Works",62881,"GA","Electric utility non-cogen","PV","SUN"
"Mustang Solar",61533,"NC","Electric utility non-cogen","PV","SUN"
"Myrtle Beach",3320,"SC","Electric utility","GT","DFO"
"NASA Wallops Flight Facility Solar",62948,"VA","Electric utility non-cogen","PV","SUN"
"NC 102 Project LLC",61610,"NC","Electric utility non-cogen","PV","SUN"
"NCSU CCUP Cogeneration Plant",61675,"NC","Commercial cogen","GT,ST","NG,DFO"
"NCSU Cates Cogeneration Plant",61676,"NC","Commercial cogen","GT","NG,DFO"
"NIH Cogeneration Facility",56668,"MD","Commercial non-cogen","GT","NG"
"NIST Solar",62208,"MD","Electric utility non-cogen","PV","SUN"
"NRG Chalk Point CT",61890,"MD","Electric utility non-cogen","GT","NG,DFO"
"Nacoochee",718,"GA","Electric utility","HY","WAT"
"Nantahala",2747,"NC","Electric utility","HY","WAT"
"Narrows (NC)",54894,"NC","Electric utility","HY","WAT"
"Nash 58 Farm",58854,"NC","Electric utility non-cogen","PV","SUN"
"Nash 64 Farm",58855,"NC","Electric utility non-cogen","PV","SUN"
"Nash 97 Solar 2",64118,"NC","Electric utility non-cogen","PV","SUN"
"Nash 97 Solar, LLC",60408,"NC","Electric utility non-cogen","PV","SUN"
"Nashville Farms, LLC",60134,"NC","Electric utility non-cogen","PV","SUN"
"Nassau Solar Center",62914,"FL","Electric utility","PV","SUN"
"Nationals",62710,"DC","Electric utility non-cogen","PV","SUN"
"Naval Submarine Base Kings Bay",54239,"GA","Commercial non-cogen","IC","DFO"
"Neal Shoals",3289,"SC","Electric utility","HY","WAT"
"NedPower Mount Storm",56495,"WV","Electric utility non-cogen","WT","WND"
"Neisler Street Solar",60072,"NC","Electric utility non-cogen","PV","SUN"
"Neuse River Solar Farm",58524,"NC","Electric utility non-cogen","PV","SUN"
"New Bern",56688,"NC","Electric utility non-cogen","IC","DFO,LFG"
"New Bern Farm",58339,"NC","Electric utility non-cogen","PV","SUN"
"New Creek Wind",60132,"WV","Electric utility non-cogen","WT","WND"
"New Martinsville Hannibal Hydro",50036,"WV","Electric utility non-cogen","HY","WAT"
"New River",59845,"VA","Electric utility non-cogen","IC","DFO,LFG"
"New River Clean Energy",63246,"WV","Electric utility non-cogen","IC","LFG"
"Newport Hydro Station",3790,"VA","Electric utility non-cogen","HY","WAT"
"Newton Grove",59835,"NC","Electric utility non-cogen","PV","SUN"
"Niagara",3778,"VA","Electric utility","HY","WAT"
"Nick Solar",58741,"NC","Electric utility non-cogen","PV","SUN"
"Nickelson Solar 2",64119,"NC","Electric utility non-cogen","PV","SUN"
"Nickelson Solar, LLC",62205,"NC","Electric utility non-cogen","PV","SUN"
"Nitro Solar",59501,"NC","Electric utility non-cogen","PV","SUN"
"Norge Solar Farm",64086,"VA","Electric utility","PV","SUN"
"North 301 Solar",61778,"NC","Electric utility non-cogen","PV","SUN"
"North Anna",6168,"VA","Electric utility","ST","NUC"
"North Carolina Solar Bethea I",58531,"NC","Electric utility non-cogen","PV","SUN"
"North Carolina Solar III LLC",58880,"NC","Electric utility non-cogen","PV","SUN"
"North Highlands",719,"GA","Electric utility","HY","WAT"
"North Nash Farm, LLC",60651,"NC","Electric utility non-cogen","PV","SUN"
"North Road Peak",7479,"SC","Electric utility","IC","DFO"
"Northern Cardinal Solar",60992,"NC","Electric utility non-cogen","PV","SUN"
"Northern Neck",3800,"VA","Electric utility","GT","DFO"
"Northern Preserve Solar",62645,"FL","Electric utility","PV","SUN"
"Northside Generating Station",667,"FL","Electric utility","GT,ST","NG,DFO,WDS,PC,RFO,BIT"
"Nottely",758,"GA","Electric utility","HY","WAT"
"Nottoway Diesel Generating Facility",7941,"VA","Electric utility","IC","DFO"
"OER Checkerspot",64790,"MD","Electric utility non-cogen","PV","SUN"
"OER Monarch CSG",65357,"MD","Electric utility non-cogen","PV","SUN"
"OER Patuxent CSG",65358,"MD","Electric utility non-cogen","PV","SUN"
"OE_GA3",63350,"GA","Electric utility non-cogen","PV","SUN"
"Oak Solar",67161,"NC","Electric utility non-cogen","PV","SUN"
"Oak Trail Solar, LLC",64683,"NC","Electric utility non-cogen","PV","SUN"
"Oakboro Farm",58851,"NC","Electric utility non-cogen","PV","SUN"
"Oakwood Solar",66720,"NC","Electric utility non-cogen","PV","SUN"
"Oceana Solar",60584,"VA","Electric utility","PV","SUN"
"Oconee",3265,"SC","Electric utility","ST","NUC"
"Ocracoke Hybrid",6377,"NC","Electric utility","IC,BA","MWH,DFO"
"Odyssey Solar",61324,"SC","Electric utility non-cogen","PV","SUN"
"Ogburn Solar, LLC",65780,"SC","Electric utility non-cogen","PV","SUN"
"Oil Dri 2 Solar",62882,"GA","Electric utility non-cogen","PV","SUN"
"Okeechobee Clean Energy Center",60345,"FL","Electric utility","CT,CA","NG,DFO"
"Okeechobee Solar",62491,"FL","Electric utility","PV","SUN"
"Okeelanta Cogeneration",54627,"FL","Electric utility cogen","ST","NG,AB"
"Old Caroleen Solar Farm",61534,"NC","Electric utility non-cogen","PV","SUN"
"Old Catawba PV 1",59519,"NC","Electric utility non-cogen","PV","SUN"
"Old Cedar Solar Energy Storage",64522,"NC","Electric utility","BA,PV","MWH,SUN"
"Old Court Rd Solar",63237,"MD","Electric utility non-cogen","PV","SUN"
"Old Midville Solar",60741,"GA","Electric utility non-cogen","PV","SUN"
"Old Pageland Monroe Road Solar Farm",60600,"NC","Electric utility non-cogen","PV","SUN"
"Old Plank Road Solar Farm, LLC",66202,"FL","Electric utility non-cogen","PV","SUN"
"Old Wire Farm",61094,"NC","Electric utility non-cogen","PV","SUN"
"Oleander Power Project LP",55286,"FL","Electric utility non-cogen","GT","NG,DFO"
"Oliver Dam",720,"GA","Electric utility","HY","WAT"
"Omtanke Solar",63756,"SC","Electric utility non-cogen","PV","SUN"
"Onancock Diesel Generation Facility",60236,"VA","Electric utility","IC","DFO"
"Onslow Power Producers",58558,"NC","Electric utility non-cogen","IC","LFG"
"Onyx - Allen Harim",61206,"DE","Electric utility non-cogen","PV","SUN"
"Orange Blossom Solar Center",62919,"FL","Electric utility","PV","SUN"
"Orange Cogeneration Facility",54365,"FL","Electric utility cogen","CT,CA","NG"
"Orange Street G1",63173,"VA","Electric utility","IC","DFO"
"Orbit Energy Charlotte",58638,"NC","Electric utility non-cogen","IC","OBG"
"Organ Church Solar",60284,"NC","Electric utility non-cogen","PV","SUN"
"Orlando Cogen LP",54466,"FL","Electric utility cogen","CS","NG"
"Osceola Generating Station (FL)",55192,"FL","Electric utility","GT","NG,DFO"
"Osceola Solar Facility",59954,"FL","Electric utility","PV","SUN"
"Osprey Energy Center Power Plant",55412,"FL","Electric utility","CT,CA","NG"
"Otarre Solar Park",61699,"SC","Electric utility non-cogen","PV","SUN"
"Otis Elevator Company Solar",62228,"SC","Industrial non-cogen","PV","SUN"
"Ouchchy PV1",59999,"NC","Electric utility non-cogen","PV","SUN"
"Overhill Solar",66372,"NC","Electric utility non-cogen","PV","SUN"
"Overman Solar",66721,"NC","Electric utility non-cogen","PV","SUN"
"Owen Solar",58742,"NC","Electric utility non-cogen","PV","SUN"
"Oxford Dam",2729,"NC","Electric utility","HY","WAT"
"Oxon Run CREF",66698,"DC","Electric utility","PV","SUN"
"P L Bartow",634,"FL","Electric utility","GT,CT,CA","NG,DFO"
"P52ES 1755 Henryton Rd Phase 1 LLC CSG",64642,"MD","Electric utility non-cogen","PV","SUN"
"P52ES 1755 Henryton Rd Phase 2 LLC",64643,"MD","Electric utility non-cogen","PV","SUN"
"PCA-Valdosta Mill",60084,"GA","Industrial cogen","ST","NG,WDS,RFO,BLQ"
"PCIP Solar",58305,"NC","Electric utility non-cogen","PV","SUN"
"PCS Phosphate",50509,"NC","Industrial cogen","ST","WH"
"PCSP3 Airport",58538,"NC","Electric utility non-cogen","PV","SUN"
"PG Solar, LLC",63692,"NC","Electric utility","PV","SUN"
"Pacolet Diesel Generation Facility",57030,"SC","Electric utility","IC","DFO"
"Page Solar",62018,"NC","Electric utility non-cogen","PV","SUN"
"Palm Bay Solar",62921,"FL","Electric utility","PV","SUN"
"Palm Beach Renewable Energy Facility 1",50071,"FL","Commercial non-cogen","ST","MSB,NG,MSN"
"Palm Beach Renewable Energy Facility 2",57898,"FL","Electric utility non-cogen","ST","MSB,NG,MSN"
"Palmer Solar Center",61457,"VA","Electric utility non-cogen","PV","SUN"
"Palmetto Plains",62679,"SC","Electric utility non-cogen","PV","SUN"
"Pamlico Partners Solar",58799,"NC","Electric utility non-cogen","PV","SUN"
"Panda Solar NC 1, LLC",62089,"NC","Electric utility non-cogen","PV","SUN"
"Panda Solar NC 10, LLC",62128,"NC","Electric utility non-cogen","PV","SUN"
"Panda Solar NC 11, LLC",62129,"NC","Electric utility non-cogen","PV","SUN"
"Panda Solar NC 2, LLC",62120,"NC","Electric utility non-cogen","PV","SUN"
"Panda Solar NC 3, LLC",62121,"NC","Electric utility non-cogen","PV","SUN"
"Panda Solar NC 4, LLC",62122,"NC","Electric utility non-cogen","PV","SUN"
"Panda Solar NC 5, LLC",62123,"NC","Electric utility non-cogen","PV","SUN"
"Panda Solar NC 6, LLC",62124,"NC","Electric utility non-cogen","PV","SUN"
"Panda Solar NC 7, LLC",62125,"NC","Electric utility non-cogen","PV","SUN"
"Panda Solar NC 8, LLC",62126,"NC","Electric utility non-cogen","PV","SUN"
"Panda Solar NC 9, LLC",62127,"NC","Electric utility non-cogen","PV","SUN"
"Park 500 Philip Morris USA",50275,"VA","Industrial cogen","ST","NG"
"Parr GT",3291,"SC","Electric utility","GT","NG,DFO"
"Parr Hydro",3290,"SC","Electric utility","HY","WAT"
"Partin Solar",63827,"NC","Electric utility non-cogen","PV","SUN"
"Pasco Cnty Solid Waste Resource Recovery",50666,"FL","Electric utility non-cogen","ST","MSB,NG,MSN"
"Pasquotank",59530,"NC","Electric utility non-cogen","PV","SUN"
"Pate Farm",58856,"NC","Electric utility non-cogen","PV","SUN"
"Pawpaw Solar Plant",59894,"GA","Electric utility non-cogen","PV","SUN"
"Payne Creek Solar",61665,"FL","Electric utility","PV","SUN"
"Pea Ridge",7715,"FL","Electric utility","GT","NG"
"Peace Creek Solar",61666,"FL","Electric utility","PV","SUN"
"Peake Road",65555,"NC","Electric utility non-cogen","PV","SUN"
"Pecan Grove Solar, LLC",62659,"NC","Electric utility non-cogen","PV","SUN"
"Pecan PV1",59157,"NC","Electric utility non-cogen","PV","SUN"
"Pecan Row Landfill To Electric Facility",59221,"GA","Electric utility non-cogen","IC","LFG"
"Pecan Solar",60030,"NC","Electric utility","PV","SUN"
"Pelican Solar Center",62924,"FL","Electric utility","PV","SUN"
"Pelzer Lower",10800,"SC","Electric utility non-cogen","HY","WAT"
"Pelzer Solar I",61945,"SC","Electric utility non-cogen","PV","SUN"
"Pelzer Upper",10799,"SC","Electric utility non-cogen","HY","WAT"
"Pembroke Lakes Mall",63256,"FL","Commercial non-cogen","PV","SUN"
"Penny Hill Solar",63266,"NC","Electric utility non-cogen","PV","SUN"
"Pensacola Florida Plant",10416,"FL","Industrial cogen","GT,ST","OG,NG,WO"
"Peony Solar",61976,"SC","Electric utility non-cogen","PV","SUN"
"Perdido",57502,"FL","Electric utility","IC","LFG"
"Perdue Bridgeville Photovoltaic",57772,"DE","Electric utility non-cogen","PV","SUN"
"Perdue Diesel Generation Facility",60235,"VA","Electric utility","IC","DFO"
"Perdue Salisbury Photovoltaic",57879,"MD","Electric utility non-cogen","PV","SUN"
"Perkins Solar, LLC",60629,"NC","Electric utility non-cogen","PV","SUN"
"Perry Solar Facility",60071,"FL","Electric utility","PV","SUN"
"Perryman",1556,"MD","Electric utility non-cogen","GT","NG,DFO"
"Pfeffers",61185,"MD","Electric utility non-cogen","PV","SUN"
"Phelps 158 Solar Farm",61134,"NC","Electric utility non-cogen","PV","SUN"
"Philadelphia",1557,"MD","Electric utility non-cogen","GT","DFO"
"Philip Morris",59911,"VA","Electric utility","PV","SUN"
"Phobos Solar, LLC",65106,"NC","Electric utility non-cogen","PV","SUN"
"Piedmont Green Power",57909,"GA","Electric utility non-cogen","ST","OBL,WDS"
"Piedmont Hydro Power Project",10787,"SC","Electric utility non-cogen","HY","WAT"
"Pikeville Farm",61404,"NC","Electric utility non-cogen","PV","SUN"
"Pilot Mountain Solar, LLC",63835,"NC","Electric utility non-cogen","PV","SUN"
"Pine Valley Solar Farm, LLC",60298,"NC","Electric utility non-cogen","PV","SUN"
"Pinellas County Resource Recovery",50884,"FL","Commercial non-cogen","ST","MSB,NG,MSN"
"Pinesage",61978,"NC","Electric utility non-cogen","PV","SUN"
"Pinesburg Solar LLC",63903,"MD","Electric utility non-cogen","PV","SUN"
"Pineville Delivery 2",56345,"NC","Electric utility","IC","DFO"
"Piney Creek Solar",62768,"VA","Electric utility","PV","SUN"
"Pink Trial Solar Energy Center",65428,"FL","Electric utility","PV","SUN"
"Pinnacle Wind Force LLC",57595,"WV","Electric utility non-cogen","WT","WND"
"Pinnacles",3825,"VA","Electric utility non-cogen","HY","WAT"
"Pinova Inc.",10120,"GA","Industrial cogen","ST","OBL,NG,WDS"
"Pinson Solar Farm",63777,"SC","Electric utility non-cogen","PV","SUN"
"Pioneer Trail Solar Energy Center",61767,"FL","Electric utility","PV","SUN"
"Pittman Solar One LLC",64646,"MD","Electric utility non-cogen","PV","SUN"
"Pleasant Hill Solar",65220,"VA","Electric utility non-cogen","PV","SUN"
"Pleasant Valley (VA)",56005,"VA","Electric utility","IC,GT","DFO"
"Pleasant Valley Solar",60586,"GA","Electric utility","PV","SUN"
"Pleasants Energy LLC",55349,"WV","Electric utility non-cogen","GT","NG,DFO"
"Pleasants Power Station",6004,"WV","Electric utility non-cogen","ST","NG,BIT"
"Pleinmont Solar 1",62012,"VA","Electric utility non-cogen","PV","SUN"
"Pleinmont Solar 2",62013,"VA","Electric utility non-cogen","PV","SUN"
"Plott Hound Solar",63015,"NC","Electric utility non-cogen","PV","SUN"
"Plymouth Solar LLC",58480,"NC","Electric utility non-cogen","PV","SUN"
"Polk",7242,"FL","Electric utility","CT,CA","NG,DFO"
"Polk Cedartown",64586,"GA","Electric utility non-cogen","PV","SUN"
"Polk County GA S1, LLC",65994,"GA","Electric utility non-cogen","PV","SUN"
"Polk Farm",66373,"NC","Electric utility non-cogen","PV","SUN"
"Pollocksville Solar",59917,"NC","Electric utility non-cogen","PV","SUN"
"Ponton Diesel Generating Facility",7940,"VA","Electric utility","IC","DFO"
"Port Charlotte Energy LLC",59240,"FL","Electric utility non-cogen","IC","LFG"
"Port Everglades",617,"FL","Electric utility","CT,CA","NG,DFO"
"Port Wentworth Mill",50804,"GA","Industrial cogen","ST","OBL,OBG,NG,WDS,BLQ"
"Porter Solar",59504,"NC","Electric utility non-cogen","PV","SUN"
"Possum Point",3804,"VA","Electric utility","CT,GT","NG,DFO"
"Potomac Energy Center, LLC",59004,"VA","Electric utility non-cogen","CT,CA","NG"
"Powatan Road Solar",64035,"NC","Electric utility non-cogen","PV","SUN"
"Powells Creek Solar - Hybrid",65305,"VA","Electric utility non-cogen","PV","SUN"
"Presbyterian Senior Living Service",60447,"MD","Electric utility non-cogen","PV","SUN"
"Pretlow",55953,"VA","Electric utility","IC","DFO"
"Princeton",59533,"NC","Electric utility non-cogen","PV","SUN"
"Progress Manis I",58529,"NC","Electric utility non-cogen","PV","SUN"
"Progress Solar 1, LLC",58493,"NC","Electric utility non-cogen","PV","SUN"
"Progress Solar II, LLC",58494,"NC","Electric utility non-cogen","PV","SUN"
"Progress Solar III, LLC",58495,"NC","Electric utility non-cogen","PV","SUN"
"Puller Solar",62140,"VA","Electric utility","PV","SUN"
"Putnam Erickson",64282,"GA","Electric utility non-cogen","PV","SUN"
"Putnam Erikson 2",65759,"GA","Electric utility non-cogen","PV","SUN"
"Quarter Horse Solar",62095,"NC","Electric utility non-cogen","PV","SUN"
"Queen Anne's County",58631,"MD","Electric utility non-cogen","PV","SUN"
"Queens Creek",6438,"NC","Electric utility","HY","WAT"
"Quincy Solar (NC)",59506,"NC","Electric utility non-cogen","PV","SUN"
"Quitman II Solar",64335,"GA","Electric utility non-cogen","PV","SUN"
"Quitman Solar",62584,"GA","Electric utility non-cogen","PV","SUN"
"RMQ 1 and 2",56966,"NC","Commercial non-cogen","PV","SUN"
"RP-Orlando, LLC",57565,"FL","Electric utility non-cogen","PV","SUN"
"Radford",3827,"VA","Electric utility","HY","WAT"
"Radford Army Ammunition Plant",52072,"VA","Industrial cogen","ST","NG,DFO"
"Raeford Farm",58274,"NC","Electric utility non-cogen","PV","SUN"
"Railroad Farm",58316,"NC","Electric utility non-cogen","PV","SUN"
"Railroad Farm 2",61095,"NC","Electric utility non-cogen","PV","SUN"
"Railroad Solar Farm, LLC",63381,"NC","Electric utility non-cogen","PV","SUN"
"Ramp Solar, LLC",66988,"NC","Electric utility non-cogen","PV","SUN"
"Rams Horn Solar Center LLC",58810,"NC","Electric utility non-cogen","PV","SUN"
"Ranchland Solar, LLC",61813,"NC","Electric utility non-cogen","PV","SUN"
"Rankin Solar Center, LLC",61996,"SC","Electric utility non-cogen","PV","SUN"
"Rappahannock Solar, LLC",62780,"VA","Electric utility non-cogen","PV","SUN"
"Ray Wilson Solar",63017,"NC","Electric utility non-cogen","PV","SUN"
"Red Hill Solar Center, LLC",59760,"NC","Electric utility non-cogen","PV","SUN"
"Red Lion Energy Center",58433,"DE","Electric utility non-cogen","FC","NG"
"Red Oak Solar Farm, LLC",60929,"NC","Electric utility non-cogen","PV","SUN"
"Red Toad 1425 A Powatan Road, LLC",60129,"NC","Electric utility non-cogen","PV","SUN"
"Red Toad 4451 Buffalo Road, LLC",62131,"NC","Electric utility non-cogen","PV","SUN"
"Red Toad 5840 Buffalo Road, LLC",62204,"NC","Electric utility non-cogen","PV","SUN"
"Redmon Solar Farm LLC",59114,"NC","Electric utility non-cogen","PV","SUN"
"Redwing Solar",61946,"SC","Industrial non-cogen","PV","SUN"
"Reidsville Renewables, Inc.",65995,"GA","Electric utility non-cogen","PV","SUN"
"Remington",7838,"VA","Electric utility","GT","NG,DFO"
"Remington Solar Facility",59685,"VA","Electric utility","PV","SUN"
"Reusens",3779,"VA","Electric utility non-cogen","HY","WAT"
"Reventure Park",58865,"NC","Electric utility cogen","IC","LFG"
"Rhodhiss",2730,"NC","Electric utility","HY","WAT"
"Richard B Russell",6132,"GA","Electric utility","HY,PS","WAT"
"Richardson Solar",61972,"SC","Electric utility non-cogen","PV","SUN"
"Richland (GA)",60513,"GA","Electric utility non-cogen","PV","SUN"
"Richland County Landfill",56122,"SC","Electric utility","IC,GT","LFG"
"Richland Solar Center",59874,"GA","Electric utility non-cogen","PV","SUN"
"Richlands Solar, LLC",65583,"NC","Electric utility non-cogen","PV","SUN"
"Richmond County GA S2 LLC",66350,"GA","Electric utility non-cogen","PV","SUN"
"Richmond Energy",57897,"VA","Electric utility non-cogen","IC","LFG"
"Richmond Hayes Solar",62884,"GA","Electric utility non-cogen","PV","SUN"
"Richmond Spider Solar",62011,"VA","Electric utility non-cogen","PV","SUN"
"Ridgeback",65110,"NC","Electric utility non-cogen","PV","SUN"
"Ridgecrest",64379,"DC","Electric utility non-cogen","PV","SUN"
"Ridgeland Solar Project",60659,"SC","Electric utility non-cogen","PV","SUN"
"Rincon Solar I",60702,"GA","Electric utility non-cogen","PV","SUN"
"Ripley",66203,"MD","Electric utility non-cogen","PV","SUN"
"River Road Solar, LLC",60487,"NC","Electric utility non-cogen","PV","SUN"
"River Solar",61947,"SC","Electric utility non-cogen","PV","SUN"
"Riverside Solar",65687,"FL","Electric utility","PV","SUN"
"Riverwood International Macon Mill",54464,"GA","Industrial cogen","ST","SLW,WO,NG,WDS,BLQ"
"Riviera",619,"FL","Electric utility","CT,CA","NG,DFO"
"Roanoke Rapids",2758,"NC","Electric utility","HY","WAT"
"Robin Solar",60165,"NC","Electric utility non-cogen","PV","SUN"
"Robins",7348,"GA","Electric utility","GT","NG,DFO"
"Robins Air Force Base Solar",61648,"GA","Electric utility","PV","SUN"
"Rochambeau Solar",65321,"VA","Electric utility","PV","SUN"
"Rock Farm",58347,"NC","Electric utility non-cogen","PV","SUN"
"Rock Hall",58241,"MD","Electric utility non-cogen","PV","SUN"
"Rockdale",65756,"MD","Electric utility non-cogen","PV","SUN"
"Rockfish Solar LLC",59811,"MD","Electric utility non-cogen","PV","SUN"
"Rockingham County CT Station",55116,"NC","Electric utility","GT","NG,DFO"
"Rockingham Solar, LLC",60106,"NC","Electric utility non-cogen","PV","SUN"
"Rockmart",65730,"GA","Electric utility non-cogen","PV","SUN"
"Rockville 1 & 2",56692,"VA","Electric utility non-cogen","IC","DFO"
"Rockwell Solar LLC",58668,"NC","Electric utility non-cogen","PV","SUN"
"Rocky Mount Mill",50468,"NC","Industrial non-cogen","HY","WAT"
"Rocky Mountain Hydroelectric Plant",6189,"GA","Electric utility","PS","WAT"
"Rocky River (SC)",3305,"SC","Electric utility","HY","WAT"
"Rodeo Solar Center",62917,"FL","Electric utility","PV","SUN"
"Roper Farm, LLC",60761,"NC","Electric utility non-cogen","PV","SUN"
"Rose Acre Solar Energy Storage",64511,"NC","Electric utility","BA,PV","MWH,SUN"
"Rose Hill",59375,"NC","Electric utility non-cogen","PV","SUN"
"Rosemary Power Station",50555,"NC","Electric utility","CT","DFO"
"Rosewood Solar",61520,"NC","Electric utility non-cogen","PV","SUN"
"Ross Hall Central Utility Plant",63478,"DC","Commercial cogen","GT","NG"
"Roth Rock North Wind Farm, LLC",57240,"MD","Electric utility non-cogen","WT","WND"
"Roth Rock Wind Farm LLC",57239,"MD","Electric utility non-cogen","WT","WND"
"Rowan",7826,"NC","Electric utility non-cogen","GT,CT,CA","NG,DFO"
"Rowesville Rd Plant",7480,"SC","Electric utility","GT","NG"
"Roxboro",2712,"NC","Electric utility","ST","DFO,BIT"
"Roxboro Farm",58340,"NC","Electric utility non-cogen","PV","SUN"
"Roxboro Solar Farm, LLC",61288,"NC","Electric utility non-cogen","PV","SUN"
"Royal Solar",59831,"NC","Electric utility non-cogen","PV","SUN"
"Ruff Solar LLC",62594,"NC","Electric utility non-cogen","PV","SUN"
"Runway Solar Farm",62397,"SC","Electric utility","PV","SUN"
"Ruskin Solar",60922,"NC","Electric utility non-cogen","PV","SUN"
"Rutherford Farm",59589,"NC","Electric utility non-cogen","PV","SUN"
"Ryland Road Solar",64677,"NC","Electric utility non-cogen","PV","SUN"
"S O Purdom",689,"FL","Electric utility","CT,CA","NG"
"SAS Solar Farm",56915,"NC","Electric utility non-cogen","PV","SUN"
"SCE&G Curie CSG",61432,"SC","Electric utility non-cogen","PV","SUN"
"SCE&G Nimitz CSG",61433,"SC","Electric utility non-cogen","PV","SUN"
"SCE&G Springfield CSG",61434,"SC","Electric utility non-cogen","PV","SUN"
"SID Solar I, LLC",60108,"NC","Electric utility non-cogen","PV","SUN"
"SR Arlington I",62436,"GA","Electric utility non-cogen","PV","SUN"
"SR Arlington II",62367,"GA","Electric utility non-cogen","PV","SUN"
"SR Cedar Springs, LLC",64840,"GA","Electric utility non-cogen","PV","SUN"
"SR Clay, LLC",64838,"GA","Electric utility non-cogen","PV","SUN"
"SR DeSoto I, LLC",64841,"GA","Electric utility non-cogen","PV","SUN"
"SR Hazlehurst",59535,"GA","Electric utility non-cogen","PV","SUN"
"SR Lumpkin",64191,"GA","Electric utility non-cogen","PV","SUN"
"SR Odom",63814,"GA","Electric utility non-cogen","PV","SUN"
"SR Perry",64151,"GA","Electric utility non-cogen","PV","SUN"
"SR Snipesville II",65376,"GA","Electric utility non-cogen","PV","SUN"
"SR Snipesville III",66171,"GA","Electric utility non-cogen","PV","SUN"
"SR Terrell",62058,"GA","Electric utility non-cogen","PV","SUN"
"Sabal Palm Solar Center",63110,"FL","Electric utility","PV","SUN"
"Sabattus Solar LLC",62596,"NC","Electric utility non-cogen","PV","SUN"
"Sadiebrook NC Solar",62102,"NC","Electric utility non-cogen","PV","SUN"
"Sadler Solar",62814,"VA","Electric utility","PV","SUN"
"Salem Electric Department",56519,"VA","Electric utility","IC","DFO"
"Salem Energy Systems LLC",54984,"NC","Electric utility non-cogen","GT","LFG"
"Salem Street Dept",56289,"VA","Commercial non-cogen","IC","DFO"
"Salem Water Plant",56288,"VA","Commercial non-cogen","IC","DFO"
"Salisbury Solar",61128,"NC","Electric utility non-cogen","PV","SUN"
"Saluda Dam",3267,"SC","Electric utility non-cogen","HY","WAT"
"Saluda Lexington",3293,"SC","Electric utility","HY","WAT"
"Saluda Solar II",61323,"SC","Electric utility non-cogen","PV","SUN"
"Saluda Solar, LLC",60535,"SC","Electric utility non-cogen","PV","SUN"
"Samarcand Solar Farm, LLC",58805,"NC","Electric utility non-cogen","PV","SUN"
"Sampson Solar",61096,"NC","Electric utility non-cogen","PV","SUN"
"Sandy Creek Solar Power Plant",64146,"FL","Electric utility","PV","SUN"
"Sandy Cross Solar, LLC",58491,"NC","Electric utility non-cogen","PV","SUN"
"Sandy Solar",62692,"NC","Electric utility non-cogen","PV","SUN"
"Sanford",620,"FL","Electric utility","CT,CA","NG"
"Santa Fe Solar Power Plant",63517,"FL","Electric utility","PV","SUN"
"Santa Rosa Energy Center",55242,"FL","Electric utility non-cogen","CT,CA","NG"
"Santeetlah",54898,"NC","Electric utility non-cogen","HY","WAT"
"Sapphire Solar",61948,"SC","Electric utility non-cogen","PV","SUN"
"Sarah Solar",59500,"NC","Electric utility non-cogen","PV","SUN"
"Sarasota County LFGTE Facility",59686,"FL","Electric utility non-cogen","IC","LFG"
"Savannah River Mill",10361,"GA","Industrial cogen","GT,ST","NG,DFO,PC,BIT"
"Savannah River Site Biomass Cogen",57138,"SC","Electric utility cogen","ST","DFO,WDS,TDF"
"Saw Solar",66722,"NC","Electric utility non-cogen","PV","SUN"
"Sawgrass Solar Energy Center",65037,"FL","Electric utility","PV","SUN"
"Sawtell Solar",66723,"NC","Electric utility non-cogen","PV","SUN"
"Scarlet Solar",60921,"NC","Electric utility non-cogen","PV","SUN"
"Schell Solar Farm",59591,"NC","Electric utility non-cogen","PV","SUN"
"Scherer",6257,"GA","Electric utility","ST","DFO,SUB"
"Schoolfield Dam",54655,"VA","Electric utility non-cogen","HY","WAT"
"Scotch Bonnet Solar, LLC",63345,"NC","Electric utility non-cogen","PV","SUN"
"Scott Solar Farm",60316,"VA","Electric utility","PV","SUN"
"Scott-II Solar LLC",60968,"VA","Electric utility non-cogen","PV","SUN"
"Seaboard Solar LLC",59643,"NC","Electric utility non-cogen","PV","SUN"
"Seabrook Solar",61701,"SC","Electric utility non-cogen","PV","SUN"
"Seagrove",65556,"NC","Electric utility non-cogen","PV","SUN"
"Sedberry Farm",59592,"NC","Electric utility non-cogen","PV","SUN"
"Sediver",7957,"SC","Electric utility","IC","DFO"
"Sellers Farm Solar",60439,"NC","Electric utility non-cogen","PV","SUN"
"Selma Solar LLC",58669,"NC","Electric utility non-cogen","PV","SUN"
"Selwyn Farm",66374,"NC","Electric utility non-cogen","PV","SUN"
"Seminole (FL)",136,"FL","Electric utility","ST,CT,CA","NG,DFO,BIT"
"Seminole (GA)",60514,"GA","Electric utility non-cogen","PV","SUN"
"Seminole Energy",61780,"FL","Electric utility non-cogen","IC","LFG"
"Seminole Mill",50803,"FL","Industrial cogen","ST","NG"
"Seneca City of",56545,"SC","Electric utility","IC","DFO"
"Sewell Creek Energy",7813,"GA","Electric utility","GT","NG"
"Shady Hills Generating Station",55414,"FL","Electric utility non-cogen","GT","NG"
"Shankle Solar Center LLC",58956,"NC","Electric utility non-cogen","PV","SUN"
"Shannon Farm",58323,"NC","Electric utility non-cogen","PV","SUN"
"Shaw Creek Solar, LLC",61790,"SC","Electric utility non-cogen","PV","SUN"
"Shawboro PV1",59155,"NC","Electric utility non-cogen","PV","SUN"
"Shawnee - GA",64582,"GA","Electric utility non-cogen","PV","SUN"
"Shelby Randolph Road Solar 1, LLC",60101,"NC","Electric utility non-cogen","PV","SUN"
"Shelby Solar Energy Generation Facility",57200,"NC","Electric utility non-cogen","PV","SUN"
"Shelby, Toms Street",56063,"NC","Electric utility","IC","DFO"
"Shelter Solar",60156,"NC","Electric utility non-cogen","PV","SUN"
"Shepherds Mill CSG",65359,"MD","Electric utility non-cogen","PV","SUN"
"Sheriff Road",63654,"MD","Electric utility non-cogen","PV","SUN"
"Sherwood H Smith Jr Energy Complex",7805,"NC","Electric utility","GT,CT,CA","NG,DFO"
"Shieldwall Solar",66375,"NC","Electric utility non-cogen","PV","SUN"
"Shiloh Hwy Solar",62691,"NC","Electric utility non-cogen","PV","SUN"
"Shoe Creek Solar, LLC",60380,"NC","Electric utility non-cogen","PV","SUN"
"Shorthorn Holdings",60028,"SC","Electric utility non-cogen","PV","SUN"
"Sibley Mill",54322,"GA","Industrial non-cogen","HY","WAT"
"Sigmon Catawba Farm",58861,"NC","Electric utility non-cogen","PV","SUN"
"Siler 421 Farm, LLC",61019,"NC","Electric utility non-cogen","PV","SUN"
"Siler City Solar 2",64121,"NC","Electric utility non-cogen","PV","SUN"
"Simon Solar Farm LLC",58628,"GA","Electric utility non-cogen","PV","SUN"
"Simons Farm",59149,"NC","Electric utility non-cogen","PV","SUN"
"Sinclair Dam",722,"GA","Electric utility","HY","WAT"
"Skipjack Solar Center",62675,"VA","Electric utility non-cogen","PV","SUN"
"Smarr Energy Center",7829,"GA","Electric utility","GT","NG"
"Smith Island",6391,"MD","Electric utility","IC","DFO"
"Smith Mountain",3780,"VA","Electric utility","HY,PS","WAT"
"Smith Solar Farm",65567,"NC","Electric utility non-cogen","PV","SUN"
"Smithfield Farmland Corp Bladen",54823,"NC","Industrial non-cogen","IC","DFO"
"Smithfield Packaged Meats Corp (Kinston)",58575,"NC","Industrial cogen","IC","DFO"
"Smithfield Packaged Meats Corp (Wilson)",56035,"NC","Industrial non-cogen","IC","DFO"
"Sneads Grove",65551,"NC","Electric utility non-cogen","PV","SUN"
"Snipesville",62165,"GA","Electric utility non-cogen","PV","SUN"
"Snow Camp Solar, LLC",60367,"NC","Electric utility non-cogen","PV","SUN"
"Snow Hill Solar 2 LLC",59106,"NC","Electric utility non-cogen","PV","SUN"
"Snowden",3821,"VA","Electric utility","HY","WAT"
"Snowden River CSG",65612,"MD","Electric utility non-cogen","PV","SUN"
"SoINCPower5, LLC",59857,"NC","Electric utility non-cogen","PV","SUN"
"SoINCPower6, LLC",59856,"NC","Electric utility non-cogen","PV","SUN"
"Sod Run WTP A",60669,"MD","Electric utility non-cogen","PV","SUN"
"Sol Phoenix",62331,"MD","Electric utility non-cogen","PV","SUN"
"Solar BESS Hybrid",63535,"GA","Electric utility non-cogen","GT,BA,PV","MWH,NG,SUN"
"Solar Glynn",60469,"GA","Electric utility non-cogen","PV","SUN"
"Solar Hagerstown",62912,"MD","Electric utility non-cogen","PV","SUN"
"Solar Lee, LLC",64237,"NC","Electric utility non-cogen","PV","SUN"
"Solar Park Gainesville, LLC",57438,"FL","Electric utility non-cogen","PV","SUN"
"Solar Star North Carolina II LLC",57435,"NC","Electric utility non-cogen","PV","SUN"
"Solidago Solar",66999,"VA","Electric utility","PV","SUN"
"Soluga Farms 1",59191,"NC","Electric utility non-cogen","PV","SUN"
"Soluga Farms 2 LLC",59192,"NC","Electric utility non-cogen","PV","SUN"
"Soluga Farms III",60580,"NC","Electric utility non-cogen","PV","SUN"
"Soluga Farms IV",59934,"NC","Electric utility non-cogen","PV","SUN"
"Sonne One",58782,"NC","Electric utility non-cogen","PV","SUN"
"Sonne Two",58829,"NC","Electric utility non-cogen","PV","SUN"
"Sonny Solar LLC",66418,"GA","Electric utility non-cogen","PV","SUN"
"Sonoco Products Co",57919,"SC","Industrial cogen","ST","NG,WDS"
"Sophie Solar",58745,"NC","Electric utility non-cogen","PV","SUN"
"Soul City Solar",59606,"NC","Electric utility non-cogen","PV","SUN"
"South Atlantic Services Solar Farm I",60798,"NC","Electric utility non-cogen","PV","SUN"
"South Campus Solar",59922,"DE","Commercial non-cogen","PV","SUN"
"South Cary WRF Solar Array",59377,"NC","Electric utility non-cogen","PV","SUN"
"South District Wastewater Treatment Plt",54624,"FL","Commercial cogen","IC","OBG,NG"
"South Energy Center",56518,"FL","Commercial cogen","IC,GT","NG"
"South Louisburg Solar",59825,"NC","Electric utility non-cogen","WT","WND"
"South River H4 Solar Energy Storage",64509,"NC","Electric utility","BA,PV","MWH,SUN"
"South Robeson Farm",58273,"NC","Electric utility non-cogen","PV","SUN"
"South Solar",61949,"SC","Electric utility non-cogen","PV","SUN"
"South Winston Farm, LLC",60409,"NC","Electric utility non-cogen","PV","SUN"
"Southampton Power Station",10774,"VA","Electric utility","ST","DFO,WDS"
"Southampton Solar, LLC",61422,"VA","Electric utility non-cogen","PV","SUN"
"Southerland Farm Solar",60553,"NC","Electric utility non-cogen","PV","SUN"
"Southern Current One, LLC",61748,"SC","Electric utility non-cogen","PV","SUN"
"Southfork Solar",62493,"FL","Electric utility","PV","SUN"
"Southwick Solar",66724,"NC","Electric utility non-cogen","PV","SUN"
"Sowega Power",7768,"GA","Electric utility","GT","NG"
"Space Coast Next Gen Solar Energy",56930,"FL","Electric utility","PV","SUN"
"Spartanburg Water System",54675,"SC","Commercial non-cogen","IC,HY","DFO,WAT"
"Speedway Solar NC, LLC",62821,"NC","Electric utility non-cogen","PV","SUN"
"Spencer Farm, LLC",61220,"NC","Electric utility non-cogen","PV","SUN"
"Spencer Meadow Solar Energy Storage",64520,"NC","Electric utility","BA,PV","MWH,SUN"
"Spicewood Solar Farm LLC",59109,"NC","Electric utility non-cogen","PV","SUN"
"Spillway",3321,"SC","Electric utility","HY","WAT"
"Spring Grove I",61986,"VA","Electric utility","PV","SUN"
"Spring Hope Solar 2, LLC",66465,"NC","Electric utility non-cogen","PV","SUN"
"Spring Hope Solar 3, LLC",62997,"NC","Electric utility non-cogen","PV","SUN"
"Spring Valley Farm 2, LLC",59593,"NC","Electric utility non-cogen","PV","SUN"
"Springhill Gas Recovery Plant",56522,"FL","Electric utility non-cogen","IC","LFG"
"Spruance Operating Services LLC",54081,"VA","Electric utility cogen","ST","NG"
"Spruce - WCMD - Creek",63525,"MD","Electric utility non-cogen","PV","SUN"
"Spruce - WCMD - Resh I",63526,"MD","Electric utility non-cogen","PV","SUN"
"Spruce - WCMD - Rubble I",63524,"MD","Electric utility non-cogen","PV","SUN"
"Spruce - WCMD - Rubble II",63523,"MD","Electric utility non-cogen","PV","SUN"
"St Lucie",6045,"FL","Electric utility","ST","NUC"
"St Stephen",6789,"SC","Electric utility","HY","WAT"
"St. Matthews Solar",60293,"SC","Electric utility non-cogen","PV","SUN"
"St. Pauls Solar 1, LLC",60396,"NC","Electric utility non-cogen","PV","SUN"
"St. Pauls Solar 2",61156,"NC","Electric utility non-cogen","PV","SUN"
"Stagecoach Solar",59604,"NC","Electric utility non-cogen","PV","SUN"
"Stainback Solar Farm",60257,"NC","Electric utility non-cogen","PV","SUN"
"Standby Generation Plant",50310,"FL","Commercial non-cogen","IC","NG"
"Stanly Solar, LLC",64702,"NC","Electric utility non-cogen","PV","SUN"
"Stanton Energy Center",564,"FL","Electric utility","ST,CT,CA","NG,LFG,BIT"
"Star Solar",58746,"NC","Electric utility non-cogen","PV","SUN"
"Starr",62602,"NC","Electric utility non-cogen","PV","SUN"
"Starratt Solar",62940,"FL","Electric utility non-cogen","PV","SUN"
"Statesboro Solar LLC",65727,"GA","Electric utility non-cogen","PV","SUN"
"Statesville Delivery No 3",56552,"NC","Electric utility","IC","DFO"
"Statesville Solar",61535,"NC","Electric utility non-cogen","PV","SUN"
"Statesville, Highway 64",56062,"NC","Electric utility","IC","DFO"
"Stevens Creek",736,"GA","Electric utility","HY","WAT"
"Stikeleather Farm",59595,"NC","Electric utility non-cogen","PV","SUN"
"Stock Island",6584,"FL","Electric utility","IC,GT","DFO"
"Stone Solar",61085,"NC","Electric utility non-cogen","PV","SUN"
"Stony Knoll Solar, LLC",62820,"NC","Electric utility non-cogen","PV","SUN"
"Stout Farm",59581,"NC","Electric utility non-cogen","PV","SUN"
"Stratford Solar Center, LLC",61908,"VA","Electric utility non-cogen","PV","SUN"
"Strider Solar, LLC",63270,"NC","Electric utility non-cogen","PV","SUN"
"Sub 12",61080,"FL","Electric utility","IC","NG"
"Substation 20 Plant",59728,"SC","Electric utility","GT","NG"
"Sugar Run Solar",60189,"NC","Electric utility non-cogen","PV","SUN"
"Sugar Solar, LLC",63807,"NC","Electric utility non-cogen","PV","SUN"
"Summit Farms Solar",60611,"NC","Electric utility non-cogen","PV","SUN"
"Summit Solar",66376,"NC","Electric utility non-cogen","PV","SUN"
"Sun Devil Solar",59505,"NC","Electric utility non-cogen","PV","SUN"
"Sun Farm V, LLC",61287,"NC","Electric utility non-cogen","PV","SUN"
"Sun Farm VI, LLC",61842,"NC","Electric utility non-cogen","PV","SUN"
"Sun Farm VIII, LLC",64311,"NC","Electric utility non-cogen","PV","SUN"
"Sun Trust Plaza",54845,"GA","Commercial non-cogen","IC","DFO"
"SunEdison LV Sutton Plant Site",56938,"NC","Electric utility non-cogen","PV","SUN"
"SunEnergy1-Scotland Neck, LLC",59898,"NC","Electric utility non-cogen","PV","SUN"
"Suncaster, LLC",64477,"NC","Electric utility non-cogen","PV","SUN"
"Sundew",65039,"FL","Electric utility","PV","SUN"
"Sunfish Farm",58864,"NC","Electric utility non-cogen","PV","SUN"
"Sunflower Solar",60638,"NC","Electric utility non-cogen","PV","SUN"
"Sunnybrook Solar Project - Hybrid",65307,"VA","Electric utility non-cogen","PV","SUN"
"Sunshine Gateway Solar Energy Center",61763,"FL","Electric utility","BA,PV","MWH,SUN"
"Superior Landfill Gas Recovery",57026,"GA","Electric utility non-cogen","IC","LFG"
"Surry",3806,"VA","Electric utility","ST","NUC"
"Sussex Drive, LLC",60916,"VA","Electric utility non-cogen","PV","SUN"
"Suwannee River",638,"FL","Electric utility","GT","NG,DFO"
"Suwannee Solar Facility",60788,"FL","Electric utility","PV","SUN"
"Swamp Fox Solar",61521,"SC","Electric utility non-cogen","PV","SUN"
"Swansboro Solar, LLC",64476,"NC","Electric utility non-cogen","PV","SUN"
"Sweet Tea Solar, LLC",64273,"NC","Electric utility non-cogen","PV","SUN"
"Sweetbay Solar Center",62394,"FL","Electric utility","PV","SUN"
"Sweetgum Solar",59824,"NC","Electric utility non-cogen","PV","SUN"
"Swift Creek Chemical Complex",50474,"FL","Industrial cogen","ST","NG,OTH"
"Sycamore Solar",64136,"VA","Electric utility","PV","SUN"
"Sylvamo Corporation Eastover Facility",52151,"SC","Industrial cogen","ST","WO,NG,WDS,BLQ"
"Synergen Panorama, LLC CSG",62327,"MD","Electric utility non-cogen","PV","SUN"
"THD Baltimore DC - 5830 Project Tiger",66770,"MD","Electric utility non-cogen","PV","SUN"
"THD Baltimore DCs - 5829 Project Lion",67270,"MD","Electric utility non-cogen","PV","SUN"
"TIA Solar",59769,"FL","Electric utility","PV","SUN"
"TPE Irish Road Solar, LLC",67373,"VA","Electric utility non-cogen","PV","SUN"
"TPE Whitmell Solar, LLC",67374,"VA","Electric utility non-cogen","PV","SUN"
"TWE Bowman Solar Project",62828,"SC","Electric utility non-cogen","PV","SUN"
"TWE Chocowinity Solar, LLC",60048,"NC","Electric utility non-cogen","PV","SUN"
"TWE Myrtle Solar Farm, LLC",63746,"VA","Electric utility non-cogen","PV","SUN"
"TWE New Bern Solar Project, LLC",60191,"NC","Electric utility non-cogen","PV","SUN"
"Talbot County Energy",7916,"GA","Electric utility","GT","NG,DFO"
"Tallassee Hydro Project",7191,"GA","Electric utility non-cogen","HY","WAT"
"Tallulah Falls",723,"GA","Electric utility","HY","WAT"
"Tamworth Holdings",60394,"NC","Electric utility non-cogen","PV","SUN"
"Tanager Holdings",60691,"NC","Electric utility non-cogen","PV","SUN"
"Tangier",6390,"VA","Electric utility","IC","DFO"
"Tarboro Solar",59648,"NC","Electric utility non-cogen","PV","SUN"
"Tart Farm",59583,"NC","Electric utility non-cogen","PV","SUN"
"Tasley",3785,"VA","Electric utility non-cogen","GT","DFO"
"Tate Solar",60160,"NC","Electric utility non-cogen","PV","SUN"
"Taylor",56870,"GA","Electric utility non-cogen","IC","LFG"
"Taylor County Solar",59897,"GA","Electric utility non-cogen","PV","SUN"
"Taylor Creek Solar",63583,"FL","Electric utility non-cogen","PV","SUN"
"Taylorsville Solar LLC",57402,"NC","Electric utility non-cogen","PV","SUN"
"Tech Square Microgrid",63775,"GA","Electric utility","IC,FC,BA","MWH,NG,DFO"
"Tedder Solar",62315,"SC","Electric utility non-cogen","PV","SUN"
"Telfair Thompson",62883,"GA","Electric utility non-cogen","PV","SUN"
"Tenaska Georgia Generation Facility",55061,"GA","Electric utility non-cogen","GT","NG,DFO"
"Tenaska Virginia Generating Station",55439,"VA","Electric utility non-cogen","CT,CA","NG,DFO"
"Tennessee Creek",2749,"NC","Electric utility","HY","WAT"
"Terrell Riles Stovall",64283,"GA","Electric utility non-cogen","PV","SUN"
"Terreva Wayne County RNG, LLC",57366,"NC","Electric utility non-cogen","IC","LFG"
"Terrora",724,"GA","Electric utility","HY","WAT"
"Thanksgiving Fire Solar Farm, LLC",62786,"NC","Electric utility non-cogen","PV","SUN"
"The Clorox Company",60461,"MD","Electric utility non-cogen","PV","SUN"
"The Village at Orchard Ridge (TVOR)",67272,"VA","Electric utility non-cogen","PV","SUN"
"Thermal Kem",56129,"SC","Electric utility","IC","DFO"
"Thigpen Farms Solar, LLC",60850,"NC","Electric utility non-cogen","PV","SUN"
"Thomas A Smith Energy Facility",55382,"GA","Electric utility","CT,CA","NG"
"Thornton PV1",59152,"NC","Electric utility non-cogen","PV","SUN"
"Thorpe",2750,"NC","Electric utility","HY","WAT"
"Three Bridge",62540,"NC","Electric utility non-cogen","PV","SUN"
"Thunderhead",65111,"NC","Electric utility non-cogen","PV","SUN"
"Tiburon Holdings",59217,"NC","Electric utility non-cogen","PV","SUN"
"Tides Lane Farm",60429,"NC","Electric utility non-cogen","PV","SUN"
"Tift Bowen",67246,"GA","Electric utility non-cogen","PV","SUN"
"Tift Fletcher",67245,"GA","Electric utility non-cogen","PV","SUN"
"Tiger Bay",7699,"FL","Electric utility","CT,CA","NG"
"Tillery",2714,"NC","Electric utility","HY","WAT"
"Timonium Fairgrounds",63904,"MD","Electric utility non-cogen","PV","SUN"
"Tinker (NC)",65550,"NC","Electric utility non-cogen","PV","SUN"
"Todd Solar",64690,"MD","Electric utility non-cogen","PV","SUN"
"Tolson Solar",61131,"NC","Electric utility non-cogen","PV","SUN"
"Tom G Smith",673,"FL","Electric utility","CT,ST,CA","NG,DFO"
"Town of Chestertown- Chestertown WWTP",60096,"MD","Electric utility non-cogen","PV","SUN"
"Tracy Solar",59498,"NC","Electric utility non-cogen","PV","SUN"
"Trail Ridge Landfill Gas Recovery",57123,"FL","Electric utility non-cogen","IC","LFG"
"Trailside Solar Center",62916,"FL","Electric utility","PV","SUN"
"Trask East Solar",62346,"SC","Electric utility non-cogen","PV","SUN"
"Treasure Coast Energy Center",56400,"FL","Electric utility","CT,CA","NG,DFO"
"Trent River Farm",65549,"NC","Electric utility non-cogen","PV","SUN"
"Trent River Solar, LLC",63842,"NC","Electric utility non-cogen","PV","SUN"
"Trenton Solar Power Plant",62543,"FL","Electric utility","PV","SUN"
"Tri-County Solar Facility",60544,"GA","Electric utility","PV","SUN"
"Trinity Solar",60291,"NC","Electric utility non-cogen","PV","SUN"
"Tripple State Farm",61086,"NC","Electric utility non-cogen","PV","SUN"
"Trojan Solar, LLC",64366,"NC","Electric utility non-cogen","PV","SUN"
"Tropicana Products Bradenton",50971,"FL","Industrial cogen","GT","NG"
"Troup RC50",62885,"GA","Electric utility non-cogen","PV","SUN"
"Troup RC50 II",64284,"GA","Electric utility non-cogen","PV","SUN"
"Truman (NC)",65548,"NC","Electric utility non-cogen","PV","SUN"
"Tuckasegee",2751,"NC","Electric utility","HY","WAT"
"Tuckertown Hydro",54897,"NC","Electric utility","HY","WAT"
"Tugalo",725,"GA","Electric utility","HY","WAT"
"Turkey Branch Solar LLC",58670,"NC","Electric utility non-cogen","PV","SUN"
"Turkey Creek PV1",60000,"NC","Electric utility non-cogen","PV","SUN"
"Turkey Point",621,"FL","Electric utility","ST,CT,CA","NUC,NG,DFO"
"Turner Shoals",2735,"NC","Electric utility non-cogen","HY","WAT"
"Turnipseed Solar, LLC",66205,"GA","Electric utility non-cogen","PV","SUN"
"Tuxedo",2736,"NC","Electric utility non-cogen","HY","WAT"
"Twiggs Solar",61696,"GA","Electric utility non-cogen","PV","SUN"
"Twin Lakes",62633,"FL","Electric utility","PV","SUN"
"Twin Rivers Solar Power Plant",63518,"FL","Electric utility","PV","SUN"
"Twittys Creek Solar, LLC",63077,"VA","Electric utility non-cogen","PV","SUN"
"Two Lines Farm",58348,"NC","Electric utility non-cogen","PV","SUN"
"Two Mile Desert Project",60510,"NC","Electric utility non-cogen","PV","SUN"
"Two Mile Solar",59427,"NC","Electric utility non-cogen","PV","SUN"
"UMCES Ground Mount",62405,"MD","Electric utility non-cogen","PV","SUN"
"UMCP CHP Plant",56038,"MD","Electric utility cogen","GT,ST","NG,DFO"
"UMES (MD) - Princess Anne",59749,"MD","Electric utility non-cogen","PV","SUN"
"UMMS at Pocomoke",58329,"MD","Electric utility non-cogen","PV","SUN"
"US GSA Heating and Transmission",57788,"DC","Commercial cogen","GT","NG"
"Underwood PV2",60998,"NC","Electric utility non-cogen","PV","SUN"
"Union Bridge Solar",67145,"MD","Electric utility non-cogen","PV","SUN"
"Union Renewable Energy Facility",60241,"SC","Electric utility","IC","LFG"
"Union Springs Solar Center",62923,"FL","Electric utility","PV","SUN"
"Univ of NC Chapel Hill Cogen Facility",54276,"NC","Commercial cogen","ST","NG,BIT"
"University of Delaware Wind Turbine",57176,"DE","Commercial non-cogen","WT","WND"
"University of Florida",7345,"FL","Electric utility","GT","NG"
"Upchurch Solar Center LLC",58812,"NC","Electric utility non-cogen","PV","SUN"
"Upper Marlboro 1 CSG",63075,"MD","Electric utility non-cogen","PV","SUN"
"Upper Pacolet Hydro",58257,"SC","Electric utility","HY","WAT"
"Upson County GA S1 LLC",66353,"GA","Electric utility non-cogen","PV","SUN"
"Upson Rocky Creek Solar Plant",58485,"GA","Electric utility non-cogen","PV","SUN"
"Urquhart",3295,"SC","Electric utility","CT,ST,GT,CA","NG,DFO"
"Uwharrie Mountain Renewable",58526,"NC","Electric utility non-cogen","IC","LFG"
"V C Summer",6127,"SC","Electric utility","ST","NUC"
"VMEA 1 Credit Gen",7440,"VA","Electric utility","IC","DFO"
"VMEA Peaking Gen",7441,"VA","Electric utility","IC","DFO"
"Valdosta (Terraform)",60448,"GA","Electric utility non-cogen","PV","SUN"
"Valdosta Prison",61468,"GA","Electric utility non-cogen","PV","SUN"
"Valdosta Water Treatment Plant",54839,"GA","Commercial non-cogen","IC","DFO"
"Valenite",56131,"SC","Electric utility","IC","DFO"
"Van Buren",64674,"NC","Electric utility non-cogen","PV","SUN"
"Van Sant Station",7318,"DE","Electric utility non-cogen","GT","NG,DFO"
"Van Slyke Solar Center, LLC",59761,"NC","Electric utility non-cogen","PV","SUN"
"Vance Solar Farm, LLC",59928,"NC","Electric utility non-cogen","PV","SUN"
"Vandolah Power Station",55415,"FL","Electric utility non-cogen","GT","NG,DFO"
"Vaughn Creek PV1",60001,"NC","Electric utility non-cogen","PV","SUN"
"Ventura Solar, LLC",63734,"NC","Electric utility non-cogen","PV","SUN"
"Vickers",59190,"NC","Electric utility non-cogen","PV","SUN"
"Vicksburg Solar",59605,"NC","Electric utility non-cogen","PV","SUN"
"Vidalia Water Treatment Plant",60515,"GA","Electric utility non-cogen","PV","SUN"
"Vienna Operations",1564,"MD","Electric utility non-cogen","GT,ST","DFO,RFO"
"Vincent Solar",61950,"SC","Electric utility non-cogen","PV","SUN"
"Violet Solar",60961,"NC","Electric utility non-cogen","PV","SUN"
"Viper Solar",60920,"NC","Electric utility non-cogen","PV","SUN"
"Virginia Beach",56693,"VA","Electric utility non-cogen","IC","DFO,LFG"
"Virginia City Hybrid Energy Center",56808,"VA","Electric utility","ST","DFO,WDS,BIT"
"Virginia Line Solar, LLC",66358,"NC","Electric utility non-cogen","PV","SUN"
"Virginia Tech Power Plant",56785,"VA","Commercial cogen","ST","NG,DFO"
"Vogtle",649,"GA","Electric utility","ST","NUC"
"W H Weatherspoon",2716,"NC","Electric utility","GT","DFO"
"W S Lee",3264,"SC","Electric utility","GT,CT,CA","NG,DFO"
"WHA Southbridge Solar Park CSG",61934,"DE","Electric utility non-cogen","PV","SUN"
"WMATA - Anacostia CSG",65958,"DC","Electric utility non-cogen","PV","SUN"
"WMATA - Naylor Rd. Metro",65960,"MD","Electric utility non-cogen","PV","SUN"
"WMATA - S. Ave. Carport (East) (CSG)",65961,"MD","Electric utility non-cogen","PV","SUN"
"WW-DC Solar 1, LLC",65176,"DC","Electric utility non-cogen","PV","SUN"
"Waco Farm",58863,"NC","Electric utility non-cogen","PV","SUN"
"Wadesboro 4",62627,"NC","Electric utility non-cogen","PV","SUN"
"Wadesboro Farm 1",61087,"NC","Electric utility non-cogen","PV","SUN"
"Wadesboro Farm 2",60575,"NC","Electric utility non-cogen","PV","SUN"
"Wadesboro Farm 3",60576,"NC","Electric utility non-cogen","PV","SUN"
"Wadesboro Solar",61129,"NC","Electric utility non-cogen","PV","SUN"
"Wagstaff Farm 1",58862,"NC","Electric utility non-cogen","PV","SUN"
"Wake County LFG Facility",59688,"NC","Electric utility non-cogen","IC","DFO,LFG"
"Wake RJ3 Solar Energy Storage",64513,"NC","Electric utility","BA,PV","MWH,SUN"
"Wakefield Solar",61536,"NC","Electric utility non-cogen","PV","SUN"
"Wallace",59050,"NC","Electric utility non-cogen","PV","SUN"
"Wallace Dam",6087,"GA","Electric utility","HY,PS","WAT"
"Walt Bailey Bioenergy Facility",59012,"DC","Commercial cogen","GT","OBG,NG"
"Walt Disney World Solar Facility",59973,"FL","Electric utility non-cogen","PV","SUN"
"Walter F George",761,"GA","Electric utility","HY","WAT"
"Walters",2715,"NC","Electric utility","HY","WAT"
"Walters Solar (FLS 260)",59603,"NC","Electric utility non-cogen","PV","SUN"
"Walton Bainbridge Power Facility",56015,"GA","Electric utility non-cogen","GT","DFO"
"Walton County Energy Facility",55128,"GA","Electric utility non-cogen","GT","NG"
"Wansley Combined Cycle",55965,"GA","Electric utility non-cogen","CT,CA","NG"
"Wansley Unit 9",7946,"GA","Electric utility","CT,CA","NG"
"Warbler Holdings",60393,"NC","Electric utility non-cogen","PV","SUN"
"Ward WTP",57607,"NC","Electric utility","IC","DFO"
"Ware Avra I",64285,"GA","Electric utility non-cogen","PV","SUN"
"Ware Avra II",64286,"GA","Electric utility non-cogen","PV","SUN"
"Warren County",55939,"VA","Electric utility","CT","NG"
"Warren F Sam Beasley Generation Station",7962,"DE","Electric utility","GT","NG,DFO"
"Warren Solar Farm LLC",62223,"NC","Electric utility non-cogen","PV","SUN"
"Warrenton Farm",58312,"NC","Electric utility non-cogen","PV","SUN"
"Warrenton I Solar",62100,"NC","Electric utility non-cogen","PV","SUN"
"Warsaw Farm",58848,"NC","Electric utility","PV","SUN"
"Warsaw I",59119,"NC","Electric utility non-cogen","PV","SUN"
"Warsaw II",59120,"NC","Electric utility non-cogen","PV","SUN"
"Washington Airport Solar LLC",58845,"NC","Electric utility non-cogen","PV","SUN"
"Washington County Power LLC",55332,"GA","Electric utility non-cogen","GT","NG"
"Washington Millfield Solar, LLC",58846,"NC","Electric utility non-cogen","PV","SUN"
"Washington Solar (SC)",62342,"SC","Electric utility non-cogen","PV","SUN"
"Washington White Post Solar LLC",58135,"NC","Electric utility non-cogen","PV","SUN"
"Waste Management Bethel LFGTE",56531,"VA","Electric utility non-cogen","IC","LFG"
"Waste Management King George LFGTE",57022,"VA","Electric utility non-cogen","GT","LFG"
"Waste Management Middle Peninsula LFGTE",57018,"VA","Electric utility non-cogen","IC","LFG"
"Waste Management Naples LFGTE Project",57168,"FL","Electric utility non-cogen","IC","LFG"
"Waste Management Piedmont LFGTE Project",57169,"NC","Electric utility non-cogen","IC","LFG"
"Watauga Solar",61951,"SC","Electric utility non-cogen","PV","SUN"
"Water Strider Solar",63549,"VA","Electric utility non-cogen","PV","SUN"
"Water Treatment Plant Generators",56368,"VA","Electric utility","IC","DFO"
"Wateree",3297,"SC","Electric utility","ST","DFO,BIT"
"Wateree Hydro",3270,"SC","Electric utility","HY","WAT"
"Watlington Solar",65221,"VA","Electric utility non-cogen","PV","SUN"
"Watson Seed Farm PV1",59153,"NC","Electric utility non-cogen","PV","SUN"
"Watts Farm",58317,"NC","Electric utility non-cogen","PV","SUN"
"Waverly Solar, LLC",65225,"VA","Electric utility non-cogen","PV","SUN"
"Wayne County Energy Complex",7538,"NC","Electric utility","GT","NG,DFO"
"Wayne Solar I LLC",60602,"NC","Electric utility non-cogen","PV","SUN"
"Wayne Solar II LLC",60598,"NC","Electric utility non-cogen","PV","SUN"
"Wayne Solar III LLC",60597,"NC","Electric utility non-cogen","PV","SUN"
"Waynesboro Community Solar",62409,"GA","Electric utility","PV","SUN"
"Weaver Solar",62347,"SC","Electric utility non-cogen","PV","SUN"
"Webb Forging",7814,"SC","Electric utility","IC","DFO"
"Wedge",65547,"NC","Electric utility non-cogen","PV","SUN"
"Wellford Renewable Energy Plant",57885,"SC","Electric utility","IC","LFG"
"Wellons Farm",59584,"NC","Electric utility non-cogen","PV","SUN"
"Wendell Solar Farm LLC",62595,"NC","Electric utility non-cogen","PV","SUN"
"West County Energy Center",56407,"FL","Electric utility","CT,CA","NG,DFO"
"West Point (GA)",6133,"GA","Electric utility","HY","WAT"
"West Salisbury Farm LLC",59111,"NC","Electric utility non-cogen","PV","SUN"
"West Siler",59112,"NC","Electric utility non-cogen","PV","SUN"
"West Station (DE)",597,"DE","Electric utility non-cogen","GT","DFO"
"WestRock Panama City Mill",50807,"FL","Industrial cogen","ST","NG,WDS,RFO,BIT,BLQ"
"WestRock Southeast, LLC.",54004,"GA","Industrial cogen","ST,GT","NG,WDS,TDF,OBS"
"WestRock-West Point Mill",10017,"VA","Industrial cogen","ST","SLW,NG,DFO,WDS,RFO,BIT,BLQ"
"Westberry Jesup",64583,"GA","Electric utility non-cogen","PV","SUN"
"Western Branch High School",59904,"VA","Electric utility","PV","SUN"
"Westmoreland County Solar Project",63696,"VA","Electric utility non-cogen","PV","SUN"
"Westside WWTP",57608,"NC","Electric utility","IC","DFO"
"Wheelabrator Baltimore Refuse",10629,"MD","Electric utility cogen","ST","MSB,MSN"
"Wheelabrator Portsmouth",54998,"VA","Commercial cogen","ST","MSB,DFO,MSN"
"Wheelabrator South Broward",50887,"FL","Electric utility non-cogen","ST","MSB,MSN"
"Whiskey Solar",66725,"NC","Electric utility non-cogen","PV","SUN"
"Whitakers",59526,"NC","Electric utility non-cogen","PV","SUN"
"Whitakers Farm (Fisher Rd)",60438,"NC","Electric utility non-cogen","PV","SUN"
"White CSG",63085,"MD","Electric utility non-cogen","PV","SUN"
"White Cross Farm",58341,"NC","Electric utility non-cogen","PV","SUN"
"White Farm Solar, LLC",60363,"NC","Electric utility non-cogen","PV","SUN"
"White Horse Solar A",63760,"SC","Electric utility non-cogen","PV","SUN"
"White Marsh Mall",63289,"MD","Commercial non-cogen","PV","SUN"
"White Marsh Solar",64644,"MD","Electric utility non-cogen","PV","SUN"
"White Oak Solar, LLC",60082,"GA","Electric utility non-cogen","PV","SUN"
"White Pine Solar, LLC",60064,"GA","Electric utility non-cogen","PV","SUN"
"White Street Renewables",60364,"NC","Electric utility non-cogen","IC,PV","LFG,SUN"
"Whitehorn Solar",62959,"VA","Electric utility non-cogen","PV","SUN"
"Whitehouse Solar Farm",60319,"VA","Electric utility","PV","SUN"
"Whitetail Solar",59569,"SC","Electric utility non-cogen","PV","SUN"
"Whitt Solar",61952,"SC","Electric utility non-cogen","PV","SUN"
"Wicomico",56680,"MD","Electric utility non-cogen","IC","DFO,LFG"
"Wild Azalea Solar Energy Center",65430,"FL","Electric utility","PV","SUN"
"Wildcat Point Generation Facility",59220,"MD","Electric utility","CT,CA","NG"
"Wildflower Solar Energy Center",61050,"FL","Electric utility","PV","SUN"
"Wilkinson DeFore (Safari Energy)",65481,"GA","Electric utility non-cogen","PV","SUN"
"Wilkinson DeFore (Westbound)",62886,"GA","Electric utility non-cogen","PV","SUN"
"Wilkinson Solar LLC",62544,"NC","Electric utility non-cogen","PV","SUN"
"Willard Solar",60287,"NC","Electric utility non-cogen","PV","SUN"
"Williams",3298,"SC","Electric utility","ST","NG,DFO,BIT"
"Williamston Solar",59176,"NC","Electric utility non-cogen","PV","SUN"
"Williamston Speight Solar, LLC",60787,"NC","Electric utility non-cogen","PV","SUN"
"Williamston West Farm, LLC",60484,"NC","Electric utility non-cogen","PV","SUN"
"Willis Solar",61953,"SC","Electric utility non-cogen","PV","SUN"
"Willow Island Hydroelectric Plant",57401,"WV","Electric utility","HY","WAT"
"Willow Solar Energy Center",64301,"FL","Electric utility","PV","SUN"
"Wilson",6258,"GA","Electric utility","IC,GT","DFO"
"Wilson Farm 1",58342,"NC","Electric utility non-cogen","PV","SUN"
"Wilson Solar Farm 1",61274,"NC","Electric utility non-cogen","PV","SUN"
"Wilson Solar Farm 2",61275,"NC","Electric utility non-cogen","PV","SUN"
"Wilson Solar Farm 3",61276,"NC","Electric utility non-cogen","PV","SUN"
"Wilson Solar Farm 4",61277,"NC","Electric utility non-cogen","PV","SUN"
"Wilson Solar Farm 5",61278,"NC","Electric utility non-cogen","PV","SUN"
"Wilson Solar Farm 6",61279,"NC","Electric utility non-cogen","PV","SUN"
"Wilson Solar Farm 7",61280,"NC","Electric utility non-cogen","PV","SUN"
"Wimauma Solar and Battery Storage",61667,"FL","Electric utility","PV","SUN"
"Windsor Cooper HIill Solar, LLC",58847,"NC","Electric utility non-cogen","PV","SUN"
"Windsor Hwy 17 Solar",64678,"NC","Electric utility non-cogen","PV","SUN"
"Windsor Solar",59171,"NC","Electric utility non-cogen","PV","SUN"
"Winfield",6562,"WV","Electric utility","HY","WAT"
"Winston",7997,"FL","Electric utility","IC","DFO"
"Winton Solar",59177,"NC","Electric utility non-cogen","PV","SUN"
"Winyah",6249,"SC","Electric utility","ST","WO,DFO,BIT"
"Wolf Hills Energy",55285,"VA","Electric utility non-cogen","GT","NG"
"Woodfields Solar",63552,"SC","Electric utility non-cogen","PV","SUN"
"Woodland Church Farm",59586,"NC","Electric utility non-cogen","PV","SUN"
"Woodland Solar",59175,"NC","Electric utility non-cogen","PV","SUN"
"Woodland Solar Farm",60318,"VA","Electric utility","PV","SUN"
"Woodleaf Solar Facility",62304,"NC","Electric utility","PV","SUN"
"Woodsdale Farm, LLC",63272,"NC","Electric utility non-cogen","PV","SUN"
"Wor-Wic Community College - Offsite",63512,"MD","Electric utility non-cogen","PV","SUN"
"Wortham Solar Farm",60361,"NC","Electric utility non-cogen","PV","SUN"
"Wye Mills VNEM CSG",60604,"MD","Electric utility non-cogen","PV","SUN"
"Wylie",3271,"SC","Electric utility","HY","WAT"
"Wyse Fork Solar Farm, LLC",64822,"NC","Electric utility non-cogen","PV","SUN"
"XPF Solar Field",59146,"NC","Electric utility non-cogen","PV","SUN"
"Yadkin 601 Farm",59587,"NC","Electric utility non-cogen","PV","SUN"
"Yadkinville Solar",59950,"NC","Electric utility non-cogen","PV","SUN"
"Yanceyville Farm",58343,"NC","Electric utility non-cogen","PV","SUN"
"Yanceyville Farm 2 LLC",59113,"NC","Electric utility non-cogen","PV","SUN"
"Yanceyville Farm 3, LLC",60240,"NC","Electric utility non-cogen","PV","SUN"
"Yates",728,"GA","Electric utility","ST","NG"
"Yemassee Solar",62353,"SC","Electric utility non-cogen","PV","SUN"
"Yonah",729,"GA","Electric utility","HY","WAT"
"York Road Solar I, LLC",60107,"NC","Electric utility non-cogen","PV","SUN"
"ZV Solar 1",60980,"NC","Electric utility non-cogen","PV","SUN"
"ZV Solar 2, LLC",61257,"NC","Electric utility non-cogen","PV","SUN"
"ZV Solar 3, LLC",60549,"NC","Electric utility non-cogen","PV","SUN"
"Zuma Solar, LLC",64367,"NC","Electric utility non-cogen","PV","SUN"